用户名,性别,评论时间,点赞数,内容
余生梦断99,保密,2024-03-05 06:25:50,6,喜多川海梦生日快乐！
晚安bot-元気Rin,保密,2024-03-05 05:33:14,5,"米浴生日快乐!(^O^)y
米浴大法好！！！！"
小佐天official,保密,2024-03-05 08:16:25,2,海梦生日快乐！🎉🎉
cC0n1Kk710,保密,2024-03-05 06:00:24,2,米宝生日快乐！
天琪酱QAQ,男,2024-03-05 05:54:35,2,米浴小天使生日快乐！
小佐天official,保密,2024-03-05 08:18:11,1,小满生日快乐！[打call]
岚里,保密,2024-03-05 07:57:19,1,我永远喜欢喜多川海梦！可惜我不是压枪王
泉此方です,男,2024-03-05 06:07:00,1,咖啡味大米！
rTyler宇,男,2024-03-05 11:27:29,0,米浴和咖啡是同一天生的？
薇鹅薇鹅薇鹅薇鹅薇鹅,女,2024-03-05 10:54:51,0,茶座米宝生日快乐
_Mr1CB_,男,2024-03-05 09:00:05,0,茶座生日快乐
唯乐y,男,2024-03-05 08:37:55,0,喜多川和米浴生日快乐🎂🎂
三年四班第二排靠窗,男,2024-03-05 08:08:28,0,喜多川海梦生日快乐！[给心心]🎂
没有未来菜づ,男,2024-03-05 07:58:01,0,米浴生日快乐
dbwucnuevueb,保密,2024-03-05 07:41:26,0,大米生日快乐[给心心]
罗特达尔,男,2024-03-05 06:56:46,0,老实说我还挺喜欢大崎娜娜的
松上杨子,男,2024-03-05 06:50:47,0,怎么里番角色也有生日啊
热情的功夫迷,保密,2024-03-05 12:16:04,0,原来米浴和茶座是同一天生日的[喜欢]
red-eyes-kura,保密,2024-03-05 07:20:52,0,希露生日快乐
花靠北-,保密,2024-03-05 07:17:55,0,说个题外话，今天也是特酷p的生日[打call][打call][打call]
