ID,Title,View,Favorite,Like,Dislike,Reply,Share,Coin,Dynamic,View URL
31655780,在意同桌那个安静的孩子,89760,4593,2484,0,207,261,55,0,https://www.bilibili.com/read/cv31655780
31759457,被长大后的学生求婚 3,199505,4287,2209,0,268,196,38,0,https://www.bilibili.com/read/cv31759457
31457299,可爱的二次元向表情包分享（81）,57658,2934,1747,0,38,61,20,0,https://www.bilibili.com/read/cv31457299
31457982,没错，就是这种眼神！【AI绘壁纸】,97344,2680,1970,0,80,141,17,0,https://www.bilibili.com/read/cv31457982
31558088,加油啊！特空机⑨,48409,1870,1327,0,40,28,6,0,https://www.bilibili.com/read/cv31558088
31369034,群友们的各种表情包【1083】,70762,1862,1147,0,51,36,7,0,https://www.bilibili.com/read/cv31369034
31317439,群友们的各种表情包【1080】,43586,1845,1261,0,13,37,10,0,https://www.bilibili.com/read/cv31317439
32215609,实际奖赏！,59173,1733,1131,0,72,55,10,0,https://www.bilibili.com/read/cv32215609
31236262,二次元图鉴 | 《崩坏星穹铁道》流萤（壁纸美图·第605辑）,22124,1390,930,0,9,53,4,0,https://www.bilibili.com/read/cv31236262
32144609,朋友的女朋友怎么看都不是人,72829,1348,899,0,85,46,12,0,https://www.bilibili.com/read/cv32144609
31362344,双马尾阿船,48096,1257,1165,0,82,48,9,0,https://www.bilibili.com/read/cv31362344
31654654,《赛马娘》漫画：黄金城的上衣,33237,1009,1286,0,51,20,20,0,https://www.bilibili.com/read/cv31654654
31413532,【赛马娘漫画】气味控茶座与邋遢的维纳斯公园,13474,931,828,0,25,30,27,0,https://www.bilibili.com/read/cv31413532
31949094,被两人同时借力量的初代,112196,922,1431,0,89,27,24,0,https://www.bilibili.com/read/cv31949094
31344515,二次元图鉴 | 《原神》纳西妲（壁纸美图·第609辑）,14463,907,696,0,8,37,5,0,https://www.bilibili.com/read/cv31344515
31555176,群友们的各种表情包【1087】,32671,853,626,0,7,18,3,0,https://www.bilibili.com/read/cv31555176
31640770,二次元图鉴 | 《蔚蓝档案》白洲梓（壁纸美图·第613辑）,12908,849,637,0,18,33,8,0,https://www.bilibili.com/read/cv31640770
31551375,《赛马娘》漫画：无聊啊持续到永远吧,18355,803,901,0,48,55,51,0,https://www.bilibili.com/read/cv31551375
32132707,真正的oo，虚假的oo,203512,778,2237,0,186,18,14,0,https://www.bilibili.com/read/cv32132707
31169280,群友们的各种表情包【1076】,26484,770,778,0,9,10,10,0,https://www.bilibili.com/read/cv31169280
31756525,铸币大头表情包/头像(89),17764,769,355,0,19,63,8,0,https://www.bilibili.com/read/cv31756525
31749071,动漫壁纸(5),17394,748,337,0,8,22,0,0,https://www.bilibili.com/read/cv31749071
31148993,早稻叽月下舞会收藏集-开年大吉图片,15888,729,500,0,3,27,1,0,https://www.bilibili.com/read/cv31148993
31947349,封印解除,44712,722,815,0,49,23,4,0,https://www.bilibili.com/read/cv31947349
31458160,晚安，眼镜娘雏田【AI绘壁纸】,37958,662,560,0,29,28,2,0,https://www.bilibili.com/read/cv31458160
31368543,群友们的各种表情包【1082】,17906,658,573,0,7,7,4,0,https://www.bilibili.com/read/cv31368543
31235808,一时兴起就这么做了的红宝石训练员,23047,644,850,0,31,15,8,0,https://www.bilibili.com/read/cv31235808
31835157,假如你有这样的妹妹，你晚上几点回家,12850,628,389,0,59,26,6,0,https://www.bilibili.com/read/cv31835157
31485914,和阿露一起参加孩子的家长会了,31658,623,1215,0,82,24,4,0,https://www.bilibili.com/read/cv31485914
31943111,【授权汉化】芙莉莲的交易（别当欧尼酱了）（あずももも）,29616,618,562,0,29,18,11,0,https://www.bilibili.com/read/cv31943111
31560786,动漫壁纸(3),10399,585,344,0,8,20,2,0,https://www.bilibili.com/read/cv31560786
31345366,《赛马娘》漫画:奉献一生,11373,568,564,0,18,8,6,0,https://www.bilibili.com/read/cv31345366
31829651,欢迎来到实力至上主义的教室2年级11（1）,112331,563,1638,0,354,59,419,0,https://www.bilibili.com/read/cv31829651
31147643,【赛马娘漫画】传奇赛之后的圣王光环（新服装）,22333,560,885,0,42,9,6,0,https://www.bilibili.com/read/cv31147643
31181851,标题 即使心思缜密，也会在恋爱方面忐忑不安悸动不已的荣进闪耀,14938,522,707,0,22,10,3,0,https://www.bilibili.com/read/cv31181851
31175160,【赛马娘同人漫画】业余治愈系菱钻奇宝,5125,522,468,0,25,34,26,0,https://www.bilibili.com/read/cv31175160
31167222,群友们的表情包（第一百零十七期）,11490,496,273,0,16,7,4,0,https://www.bilibili.com/read/cv31167222
31825028,［赛马娘怪文书］病娇的赤骥,6982,479,321,0,11,8,2,0,https://www.bilibili.com/read/cv31825028
31569520,干劲满满的日奈,32293,469,1080,0,37,9,6,0,https://www.bilibili.com/read/cv31569520
32124877,《赛马娘》漫画：极峰与贵妇人,25011,461,753,0,71,9,2,0,https://www.bilibili.com/read/cv32124877
31164325,【高达SEED】想很多说很少＆他也只是个孩子,26974,458,423,0,65,17,12,0,https://www.bilibili.com/read/cv31164325
31648681,【赛马娘漫画】 反击（）的奇宝子,17326,457,718,0,37,10,4,0,https://www.bilibili.com/read/cv31648681
32288045,可爱的二次元向表情包分享（92）,9883,450,281,0,5,10,4,0,https://www.bilibili.com/read/cv32288045
31725886,【白杨汉化组】《On Your Side》,6492,445,419,0,26,31,11,0,https://www.bilibili.com/read/cv31725886
31334599,【赛马娘漫画】 奇迹子没法普通~地送出巧克力,13546,444,628,0,19,13,1,0,https://www.bilibili.com/read/cv31334599
31616684,过去的小家伙们,15352,433,568,0,27,14,6,0,https://www.bilibili.com/read/cv31616684
32265608,《赛马娘》漫画：温柔的贵妇人,21944,425,751,0,101,13,3,0,https://www.bilibili.com/read/cv32265608
31261310,莫名的心动,19547,416,419,0,17,12,0,0,https://www.bilibili.com/read/cv31261310
32011587,《赛马娘》漫画：一直以来十分感谢！Project L'Arc！,25844,415,721,0,26,6,4,0,https://www.bilibili.com/read/cv32011587
31480840,《赛马娘》漫画：速茶与恐怖游戏,20057,411,680,0,28,3,6,0,https://www.bilibili.com/read/cv31480840
31831860,《赛马娘》漫画：过于直白的大鸣大放,28214,399,799,0,33,5,2,0,https://www.bilibili.com/read/cv31831860
31315704,《赛马娘》漫画：依然沉浸在合成大西瓜的余韵之中的小特,28471,397,791,0,48,11,4,0,https://www.bilibili.com/read/cv31315704
32405601,【赛马娘漫画】酒会上的光辉致意,12741,389,555,0,18,8,4,0,https://www.bilibili.com/read/cv32405601
31993563,力量型马娘变多了,26528,387,685,0,58,7,0,0,https://www.bilibili.com/read/cv31993563
31309579,动漫壁纸(3),7302,385,225,0,4,21,0,0,https://www.bilibili.com/read/cv31309579
31253743,情人节礼物,21169,372,641,0,26,6,3,0,https://www.bilibili.com/read/cv31253743
31269382,让光辉致意喝酒的数码碳的故事,3887,364,321,0,23,19,13,0,https://www.bilibili.com/read/cv31269382
31205329,《赛马娘》漫画:与速子的水族馆约会,6373,363,381,0,13,6,0,0,https://www.bilibili.com/read/cv31205329
32147732,【赛马娘漫画】 波旁的帽子,18237,362,613,0,45,6,2,0,https://www.bilibili.com/read/cv32147732
32059319,【赛马娘漫画】捏饭团的贵妇人同学,23279,361,665,0,63,11,3,0,https://www.bilibili.com/read/cv32059319
31366861,游戏-手机壁纸,6194,352,236,0,0,14,0,0,https://www.bilibili.com/read/cv31366861
31882863,《赛马娘》漫画：陷入危机的速子,19253,350,645,0,27,8,1,0,https://www.bilibili.com/read/cv31882863
32090814,欢迎来到实力至上主义的教室2年级11（2）,90101,347,1321,0,294,25,352,0,https://www.bilibili.com/read/cv32090814
32125134,【AI绘画】二次元美少女高清美图壁纸大放送（423）,5006,335,198,0,4,9,0,0,https://www.bilibili.com/read/cv32125134
31457619,《赛马娘》漫画:间接接吻,7364,333,387,0,10,5,1,0,https://www.bilibili.com/read/cv31457619
31962271,怪诞小镇-神级同人-《Deal 》个人汉化 大结局,17140,322,204,0,9,0,2,0,https://www.bilibili.com/read/cv31962271
31955252,【赛马娘漫画】 说悄悄话的千明王牌,11429,321,478,0,6,5,2,0,https://www.bilibili.com/read/cv31955252
31360948,葬送的芙莉莲Q版表情图集,5714,320,164,0,7,28,5,0,https://www.bilibili.com/read/cv31360948
32125677,可爱的二次元向表情包分享（90）,6452,319,259,0,1,2,2,0,https://www.bilibili.com/read/cv32125677
31560702,《赛马娘》漫画：千代王的生日,20063,302,671,0,28,5,3,0,https://www.bilibili.com/read/cv31560702
32309212,【赛马娘漫画】我与妳的光辉 -北黑×光钻七年后的百合同居生活-,4504,300,283,0,30,38,36,0,https://www.bilibili.com/read/cv32309212
31950200,【飞燕惊澜】高达SEED官方小说—— FREEDOM（三）,14544,296,181,0,63,18,23,0,https://www.bilibili.com/read/cv31950200
31935312,【赛马娘同人本】「“普通”的赛马娘们的“普通~？”的故事」我们是普通~三人组,4951,291,361,0,21,13,45,0,https://www.bilibili.com/read/cv31935312
31263091,《赛马娘》漫画：情人节的织姬同学（微糖）,16993,290,627,0,26,4,18,0,https://www.bilibili.com/read/cv31263091
31268937,《赛马娘》漫画:爱丽速子与情人节之二,5452,289,304,0,11,6,0,0,https://www.bilibili.com/read/cv31268937
31185032,二次元图鉴 | 《原神》千织（壁纸美图·第604辑）,6783,288,248,0,0,12,0,0,https://www.bilibili.com/read/cv31185032
31174477,来自深渊 67话汉化,19933,284,622,0,49,9,30,0,https://www.bilibili.com/read/cv31174477
31746649,【机动战士高达】喜欢我的大铁球吗----RGM-79ARA NT试验用吉姆,29002,281,386,0,79,35,10,0,https://www.bilibili.com/read/cv31746649
31748172,【机动战士高达】你从未见过的吉姆全集大介绍！,14751,280,346,0,13,19,38,0,https://www.bilibili.com/read/cv31748172
31265476,《赛马娘》漫画：多伯为弟弟妹妹们做的手工巧克力,19006,273,607,0,18,4,5,0,https://www.bilibili.com/read/cv31265476
31208422,【个人汉化】我心里危险的东西139话「我们在彷徨」,52935,273,822,0,204,30,105,0,https://www.bilibili.com/read/cv31208422
31951513,“养女儿~”,6135,266,276,0,13,8,0,0,https://www.bilibili.com/read/cv31951513
31210398,《赛马娘》漫画：英雄总是姗姗来迟,22737,263,726,0,50,4,0,0,https://www.bilibili.com/read/cv31210398
31267204,【渣翻】akni老师的It's MyGO!!!!!同人㉑,16901,258,421,0,18,6,2,0,https://www.bilibili.com/read/cv31267204
31541753,【机动战士高达SEED FREEDOM】SEED系列全机体你都认识么？（一）,12039,255,113,0,21,10,3,0,https://www.bilibili.com/read/cv31541753
31804681,【飞燕惊澜】高达SEED官方小说—— FREEDOM（二）,13046,252,155,0,63,12,17,0,https://www.bilibili.com/read/cv31804681
31311456,一些可爱表情包u(32),8240,249,210,0,10,4,0,0,https://www.bilibili.com/read/cv31311456
31487281,新年快乐米娜桑！！！（虽迟但到）,6773,248,230,0,7,7,2,0,https://www.bilibili.com/read/cv31487281
32136697,《赛马娘》漫画：奥尔菲与她的两位老大,15918,243,528,0,38,7,2,0,https://www.bilibili.com/read/cv32136697
31350082,歌查德的演技遮住了他的剧情质量（有剧透）,40557,243,375,0,262,10,16,0,https://www.bilibili.com/read/cv31350082
32298404,憧憬成为魔法少女（转载第二十五话）,23808,240,218,0,29,23,2,0,https://www.bilibili.com/read/cv32298404
31457123,今日份好图,4583,240,234,0,7,14,0,0,https://www.bilibili.com/read/cv31457123
31174995,《赛马娘》漫画（？）：临近圣蹄祭的气槽,24380,239,575,0,19,3,1,0,https://www.bilibili.com/read/cv31174995
31419256,【玉米汉化】博人传87青年篇07「太阳的去向」,34170,237,1055,0,347,76,291,0,https://www.bilibili.com/read/cv31419256
32010874,【渣翻】七海老师的It's MyGO!!!!!同人⑦,11565,235,334,0,29,11,0,0,https://www.bilibili.com/read/cv32010874
32020162,达令，欢迎回家。,5731,231,203,0,5,2,0,0,https://www.bilibili.com/read/cv32020162
31887266,地狱客栈2024年2月10日油管问答直播,171964,231,1294,0,41,3,10,0,https://www.bilibili.com/read/cv31887266
32343068,欢迎来到实力至上主义的教室2年级11（3）,55551,229,1008,0,213,25,221,0,https://www.bilibili.com/read/cv32343068
31266409,游戏-手机壁纸,4916,229,162,0,1,4,2,0,https://www.bilibili.com/read/cv31266409
31148989,［赛马娘怪文书］病娇的草上飞,4776,229,205,0,9,5,5,0,https://www.bilibili.com/read/cv31148989
31542177,【机动战士高达SEED FREEDOM】SEED系列全机体你都认识么？（二）,8110,228,91,0,21,8,3,0,https://www.bilibili.com/read/cv31542177
31644561,《赛马娘》漫画：速子与坏话,16954,227,483,0,12,4,2,0,https://www.bilibili.com/read/cv31644561
31613537,可爱的二次元向表情包分享（83）,5265,226,173,0,3,3,0,0,https://www.bilibili.com/read/cv31613537
31487743,游戏-手机壁纸,3502,223,154,0,4,9,2,0,https://www.bilibili.com/read/cv31487743
31545352,《赛马娘》漫画：饿肚子的速子,17568,221,511,0,13,6,2,0,https://www.bilibili.com/read/cv31545352
31976429,【高达SEED】打call,10440,219,204,0,20,5,4,0,https://www.bilibili.com/read/cv31976429
32018087,《赛马娘》漫画:三稜釜次郎老师的速子之九,4665,213,249,0,17,6,1,0,https://www.bilibili.com/read/cv32018087
31876972,你的剧场版,27122,208,393,0,28,4,10,0,https://www.bilibili.com/read/cv31876972
31787616,《赛马娘》漫画:三稜釜次郎老师的速子之五,5251,208,281,0,13,5,4,0,https://www.bilibili.com/read/cv31787616
31990535,《赛马娘》漫画:三稜釜次郎老师的速子之八,5075,204,241,0,14,3,3,0,https://www.bilibili.com/read/cv31990535
31205919,60天未登录的反应（如果是川上公主的话）,13011,201,447,0,22,1,1,0,https://www.bilibili.com/read/cv31205919
31934380,《赛马娘》漫画:三稜釜次郎老师的速子之七,4493,200,239,0,18,7,2,0,https://www.bilibili.com/read/cv31934380
31714627,《赛马娘》漫画:三稜釜次郎老师的速子之四,5155,198,272,0,11,4,1,0,https://www.bilibili.com/read/cv31714627
31312647,《赛马娘》漫画：皇帝的义义理理巧克力,18943,198,563,0,31,1,10,0,https://www.bilibili.com/read/cv31312647
32119685,《赛马娘》漫画：如果贵妇人与极峰是同一队的话……,15993,195,468,0,26,7,5,0,https://www.bilibili.com/read/cv32119685
31361028,【内恰漫画】【赛马娘同人本】身距爱河尚几里？,5310,195,335,0,20,16,27,0,https://www.bilibili.com/read/cv31361028
31295994,《赛马娘》漫画:爱丽速子与情人节之六,4843,193,251,0,6,4,0,0,https://www.bilibili.com/read/cv31295994
32353276,《赛马娘》漫画:速茶同居的漫画（存疑）,4475,191,227,0,12,6,2,0,https://www.bilibili.com/read/cv32353276
32286259,［赛马娘怪文书］给T开核桃的贵妇人,10599,187,195,0,10,0,0,0,https://www.bilibili.com/read/cv32286259
31898774,《赛马娘》漫画：善信的外套,14811,187,501,0,23,4,6,0,https://www.bilibili.com/read/cv31898774
31259122,【赛马娘】待兼福来相关冷知识02 EP166【Doomqiuqiu汉化】,8732,187,353,0,69,14,11,0,https://www.bilibili.com/read/cv31259122
31958126,《赛马娘》漫画：绝不原谅出轨的贵妇人小姐（29岁）,19952,183,526,0,65,4,4,0,https://www.bilibili.com/read/cv31958126
31234494,群友の沙雕表情包（120）,6703,182,169,0,4,1,0,0,https://www.bilibili.com/read/cv31234494
32396590,《赛马娘》漫画：贵妇人的体重,13351,181,470,0,17,4,1,0,https://www.bilibili.com/read/cv32396590
31939789,暴君登场！？,19520,181,399,0,25,4,0,0,https://www.bilibili.com/read/cv31939789
32012140,“正因各有不同无法交融 方生意趣”DAY×FSD组员制作大王战队感想,52318,178,1161,0,68,1,36,0,https://www.bilibili.com/read/cv32012140
31958131,《赛马娘》漫画：我喜欢你那对恋爱的瞳孔,16604,177,512,0,23,7,14,0,https://www.bilibili.com/read/cv31958131
31821196,【AI绘画】二次元美少女高清美图壁纸大放送（418）,3072,177,139,0,3,10,2,0,https://www.bilibili.com/read/cv31821196
31246692,《赛马娘》漫画（？）：速子的巧克力,17544,175,525,0,23,2,0,0,https://www.bilibili.com/read/cv31246692
32146312,《赛马娘》漫画:速子与情人节,5198,174,239,0,14,2,1,0,https://www.bilibili.com/read/cv32146312
32002016,南梁武器库（121）,6070,168,154,0,7,2,2,0,https://www.bilibili.com/read/cv32002016
31799111,李慕婉冰雪仙境，让你体验冰雪的浪漫与诗意,12799,168,90,0,37,4,0,0,https://www.bilibili.com/read/cv31799111
31716813,《赛马娘》漫画（？）：情侶打折強烈希望,18331,166,474,0,22,5,1,0,https://www.bilibili.com/read/cv31716813
31457556,二次元图鉴 | 《原神》胡桃（壁纸美图·第610辑）,4623,162,132,0,3,2,0,0,https://www.bilibili.com/read/cv31457556
32336774,《赛马娘》漫画：贵妇人杂图,13383,161,399,0,33,3,1,0,https://www.bilibili.com/read/cv32336774
31481352,《赛马娘》漫画：给父亲大人的定期报告,17161,161,538,0,12,3,2,0,https://www.bilibili.com/read/cv31481352
31398140,《赛马娘》漫画:速子四格,4274,161,220,0,5,4,0,0,https://www.bilibili.com/read/cv31398140
32136267,【授权汉化】COS时津风的真寻（别当欧尼酱了）（あずももも）,7510,158,164,0,8,6,4,0,https://www.bilibili.com/read/cv32136267
31366192,正在宣誓主权的和纱与桔梗,28525,156,645,0,37,6,1,0,https://www.bilibili.com/read/cv31366192
31306264,【晓晨汉化组】【LoveLive!】rontorl（西瓜割）：善解人意是不错的爱情喜剧素材,8189,155,116,0,3,9,0,0,https://www.bilibili.com/read/cv31306264
31269109,《赛马娘》漫画:爱丽速子与情人节之四,5471,155,245,0,4,2,0,0,https://www.bilibili.com/read/cv31269109
31296448,《赛马娘》漫画:爱丽速子与情人节之七,3510,154,184,0,15,3,2,0,https://www.bilibili.com/read/cv31296448
31183937,游戏-手机壁纸,2408,150,110,0,0,5,2,0,https://www.bilibili.com/read/cv31183937
32056012,《赛马娘》漫画：心跳不止,15657,149,431,0,24,7,3,0,https://www.bilibili.com/read/cv32056012
31269499,虹学会 6th Live 联动企划「你与我的虹咲情书交换!」角色回信合集,34310,149,758,0,33,21,7,0,https://www.bilibili.com/read/cv31269499
31264152,《赛马娘》漫画：桂冠的情人节专用待机台词,17083,147,470,0,22,3,0,0,https://www.bilibili.com/read/cv31264152
31647752,《赛马娘》漫画：结果all right,15662,146,422,0,12,1,3,0,https://www.bilibili.com/read/cv31647752
31160994,旅途的意义 - 八年MAD之路,31545,144,1288,0,104,33,50,0,https://www.bilibili.com/read/cv31160994
31938851,【AI绘画】二次元美少女高清美图壁纸大放送（421）,2657,143,108,0,4,5,0,0,https://www.bilibili.com/read/cv31938851
31485647,2024三体春晚节目单品视频传送门合集,31672,143,512,0,29,8,7,0,https://www.bilibili.com/read/cv31485647
31313296,海洛奥特曼03,35087,143,159,0,21,9,4,0,https://www.bilibili.com/read/cv31313296
31562246,有关《Server》系列的一些设定和答疑,36709,142,1138,0,61,6,20,0,https://www.bilibili.com/read/cv31562246
31887808,《赛马娘》漫画：给爱如往昔涂指甲油,17204,134,466,0,19,4,1,0,https://www.bilibili.com/read/cv31887808
31874791,《赛马娘》漫画:三稜釜次郎老师的速子之六,3935,133,190,0,15,2,3,0,https://www.bilibili.com/read/cv31874791
31168871,流汗了呢，佐敦,12531,133,281,0,15,4,1,0,https://www.bilibili.com/read/cv31168871
31372284,【排行榜】芙莉莲跌至第九!? Animecorner一月新番第六周排行榜前十名,34378,132,92,0,128,11,4,0,https://www.bilibili.com/read/cv31372284
31223061,今日花火,4736,131,73,0,1,4,4,0,https://www.bilibili.com/read/cv31223061
31214065,《赛马娘》漫画（？）：训练员们的超次元篮球,17469,129,445,0,69,5,3,0,https://www.bilibili.com/read/cv31214065
31148542,【FSD×光之国】布莱泽奥特曼 漫画特别篇 大决战!!王者怪兽军团（繁体版）,4560,127,144,0,7,17,3,0,https://www.bilibili.com/read/cv31148542
31187900,海洛奥特曼02,26485,126,140,0,24,5,4,0,https://www.bilibili.com/read/cv31187900
31899925,[桃子冰沙汉化组] 做好觉悟吧！幽幽子大人,1412,123,137,0,5,8,5,0,https://www.bilibili.com/read/cv31899925
31476170,《赛马娘》漫画：玩茶座的朋友玩的很开心,15457,121,408,0,22,2,0,0,https://www.bilibili.com/read/cv31476170
31208065,《赛马娘》漫画：茶座家的看板娘 其四,15303,117,383,0,21,2,4,0,https://www.bilibili.com/read/cv31208065
31186096,【猫岛】殉情的新闻,9009,116,182,0,11,12,3,0,https://www.bilibili.com/read/cv31186096
32348782,【赛马娘漫画】 大鸣大放（特别）可爱的点,9301,115,309,0,10,4,1,0,https://www.bilibili.com/read/cv32348782
31418573,【问神手书】个人幕后制作记录（上）,3136,115,190,0,14,10,10,0,https://www.bilibili.com/read/cv31418573
32042025,【赛马娘漫画】阿草的妹抖服,2571,114,121,0,18,3,3,0,https://www.bilibili.com/read/cv32042025
31212441,《赛马娘》漫画：新年米浴,15481,113,388,0,15,2,4,0,https://www.bilibili.com/read/cv31212441
31361769,精选高清动漫壁纸头像推荐（第二百七十九期）,3721,112,68,0,3,3,4,0,https://www.bilibili.com/read/cv31361769
31220420,【机动战士高达SEED FREEDOM】超萌官方图片合集（没有最萌，只有更萌）,3258,112,74,0,6,2,0,0,https://www.bilibili.com/read/cv31220420
32132131,《赛马娘》漫画：速子的圣蹄祭约会,15382,111,427,0,15,6,2,0,https://www.bilibili.com/read/cv32132131
31709664,《赛马娘》漫画:三稜釜次郎老师的速子之一,3685,111,165,0,3,1,1,0,https://www.bilibili.com/read/cv31709664
31311997,MyGO!!!!! ZEPP TOUR 2024「彷徨する渇望」,2976,110,43,0,9,6,2,0,https://www.bilibili.com/read/cv31311997
31263607,【FSD×光之国】布莱泽奥特曼 官方改编漫画 第2话 后篇（繁体&简体）,5411,110,162,0,10,0,1,0,https://www.bilibili.com/read/cv31263607
31565862,二次元图鉴 | 《崩坏星穹铁道》流萤（壁纸美图·第612辑）,4534,109,99,0,0,2,0,0,https://www.bilibili.com/read/cv31565862
31925237,我的青春恋爱物语果然有问题 续 版权绘画集 下,7638,108,126,0,2,4,8,0,https://www.bilibili.com/read/cv31925237
32003657,《赛马娘》漫画：速子四格⑥,13876,106,329,0,10,2,0,0,https://www.bilibili.com/read/cv32003657
31924731,我的青春恋爱物语果然有问题 续 版权绘画集 上,7197,106,123,0,5,3,7,0,https://www.bilibili.com/read/cv31924731
31148934,《高达0083》第1卷上,1784,105,48,0,8,3,7,0,https://www.bilibili.com/read/cv31148934
31992191,【渣翻】youq老师的It's MyGO!!!!!同人①,7890,104,219,0,10,4,0,0,https://www.bilibili.com/read/cv31992191
31357870,海虎/武神表情包（癫佬必备）,3429,104,70,0,11,3,2,0,https://www.bilibili.com/read/cv31357870
31900495,西片的情人节,12776,103,79,0,6,3,2,0,https://www.bilibili.com/read/cv31900495
31807265,变形金刚：传奇 出张版漫画 第11话 克劳莉娅,2367,103,84,0,16,4,0,0,https://www.bilibili.com/read/cv31807265
31564762,【中字】声优Grand Prix 2024年03月号 甲子园部分,35642,103,566,0,19,12,15,0,https://www.bilibili.com/read/cv31564762
31419811,《赛马娘》漫画：和茶座一起登山的速子,15726,103,377,0,20,3,3,0,https://www.bilibili.com/read/cv31419811
32446620,《赛马娘》漫画：贵妇人杂图②,8271,102,241,0,18,2,0,0,https://www.bilibili.com/read/cv32446620
31483166,动漫壁纸(2),2366,102,50,0,3,3,0,0,https://www.bilibili.com/read/cv31483166
32142377,突击莉莉综合入坑指南,3701,101,153,0,27,5,30,0,https://www.bilibili.com/read/cv32142377
31959458,王城双基,26000,101,180,0,38,6,3,0,https://www.bilibili.com/read/cv31959458
32265355,七八定律——“自古七八出福利”,160594,99,2260,0,82,6,7,0,https://www.bilibili.com/read/cv32265355
31290542,【赛马娘漫画】加入媚药的阿草,1840,99,141,0,14,5,3,0,https://www.bilibili.com/read/cv31290542
31532716,【赛马娘】目白麦昆相关冷知识02 EP167【Doomqiuqiu汉化】,7245,98,255,0,27,10,8,0,https://www.bilibili.com/read/cv31532716
32447224,欢迎来到实力至上主义的教室2年级11（4）,15198,96,487,0,139,11,87,0,https://www.bilibili.com/read/cv32447224
31482536,【赛马娘漫画】给父亲大人的定期报告,8161,96,274,0,13,1,1,0,https://www.bilibili.com/read/cv31482536
31270333,【渣翻】奏老师的It's MyGO!!!!!同人⑤,10789,95,266,0,6,4,4,0,https://www.bilibili.com/read/cv31270333
31409187,《赛马娘》漫画:TELL ME THE PLAN,2615,94,160,0,6,4,11,0,https://www.bilibili.com/read/cv31409187
32145089,《赛马娘》漫画：波旁的帽子,16847,92,431,0,21,1,2,0,https://www.bilibili.com/read/cv32145089
31123277,【授权汉化】雌小鬼真寻（别当欧尼酱了）（らーめん）,6858,92,204,0,17,1,3,0,https://www.bilibili.com/read/cv31123277
31268967,《赛马娘》漫画:爱丽速子与情人节之三,1992,91,126,0,5,1,0,0,https://www.bilibili.com/read/cv31268967
31265751,速子的日常...,3468,91,116,0,4,0,0,0,https://www.bilibili.com/read/cv31265751
31205275,【赛马娘】小林历奇相关冷知识 EP164【Doomqiuqiu汉化】,9309,91,268,0,25,4,0,0,https://www.bilibili.com/read/cv31205275
31934551,是时雨羽衣哟～,3768,90,95,0,4,3,0,0,https://www.bilibili.com/read/cv31934551
31860112,迷宫饭 原作·角色集,1832,89,56,0,1,4,8,0,https://www.bilibili.com/read/cv31860112
31680369,【赛马娘漫画】 黄金城的上衣。,10246,89,274,0,9,1,3,0,https://www.bilibili.com/read/cv31680369
31457592,【汉化】【莲之空】花宫初奈物语,1841,89,168,0,0,2,11,0,https://www.bilibili.com/read/cv31457592
31234063,义理巧克力和会长,7397,87,252,0,14,2,2,0,https://www.bilibili.com/read/cv31234063
31550859,《LoveLive！》漫画：KISS LAB HINOSHITA,13160,86,224,0,12,12,8,0,https://www.bilibili.com/read/cv31550859
31206899,【赛马娘】勇敢的心相关冷知识 EP165【Doomqiuqiu汉化】,8113,86,240,0,9,2,2,0,https://www.bilibili.com/read/cv31206899
31794113,加油啊！特空机  -END-,9336,85,211,0,11,0,2,0,https://www.bilibili.com/read/cv31794113
32319961,JOJO与奇妙的马娘们（八）,8519,84,277,0,10,3,0,0,https://www.bilibili.com/read/cv32319961
32017106,【中字】LoveLive! flowers* 第4话 | Ultra Jump连载 莲之空官方漫画,39291,84,461,0,21,11,20,0,https://www.bilibili.com/read/cv32017106
32294958,【步梦生快】与你唇齿相依（するふじ）（步侑/ゆうぽむ）,4025,82,218,0,16,5,17,0,https://www.bilibili.com/read/cv32294958
31898759,【赛马娘漫画】善信的上衣。,7473,82,272,0,14,3,1,0,https://www.bilibili.com/read/cv31898759
31307269,水星的魔女同人汉化 口无遮拦的新郎,2465,82,78,0,7,0,2,0,https://www.bilibili.com/read/cv31307269
31150384,【合作汉化】虹贺新年（荒、みやまき、Repunit）,5329,82,206,0,8,4,6,0,https://www.bilibili.com/read/cv31150384
31821095,【AI绘画】二次元美少女高清美图壁纸大放送（417）,2122,79,74,0,0,2,0,0,https://www.bilibili.com/read/cv31821095
31365589,【卫宫饭·汉化】66话 用剩下的年糕做酥脆米果,4094,79,188,0,9,4,8,0,https://www.bilibili.com/read/cv31365589
31560849,「Live2D教科书」近万个图层和参数名是怎么翻译的？译者笔录,19162,75,223,0,20,3,9,0,https://www.bilibili.com/read/cv31560849
32286645,【AI绘画】二次元美少女高清美图壁纸大放送（426）,2349,74,64,0,1,8,0,0,https://www.bilibili.com/read/cv32286645
31142239,【白杨汉化组】《风见幽香的华丽丽！同人活动》,2590,73,138,0,5,4,0,0,https://www.bilibili.com/read/cv31142239
32142382,【小男孩收集手册】漫画篇 十四期,10985,72,223,0,26,3,14,0,https://www.bilibili.com/read/cv32142382
31559455,塞纳河畔的争夺——角厨最离奇偷图事件,3581,72,131,0,28,7,0,0,https://www.bilibili.com/read/cv31559455
31273451,【高达Z战舰介绍】移动宫殿----格瓦丹级,15742,71,282,0,37,2,10,0,https://www.bilibili.com/read/cv31273451
31148383,艾琳的反驳（记者Vtb直播代述）,14329,71,108,0,294,40,3,0,https://www.bilibili.com/read/cv31148383
31352961,《赛马娘》漫画：正统派眼镜角色（存疑）,16543,70,367,0,16,1,1,0,https://www.bilibili.com/read/cv31352961
31468517,【干货杂谈】太阳的方向深度剖析,23157,69,450,0,106,14,47,0,https://www.bilibili.com/read/cv31468517
31361760,《胜利的女神：NIKKE 甜蜜日常》特别插画4,4516,68,72,0,3,3,0,0,https://www.bilibili.com/read/cv31361760
31350955,日向雏田，但是进击的巨人【AI绘壁纸】,8458,67,92,0,4,4,0,0,https://www.bilibili.com/read/cv31350955
31939762,2024年4月新番已公布58部！,41553,66,408,0,25,35,1,0,https://www.bilibili.com/read/cv31939762
31757951,【渣翻】チャプ老师的It's MyGO!!!!!同人①,5972,66,196,0,11,3,3,0,https://www.bilibili.com/read/cv31757951
31409243,动漫风景,1992,66,72,0,0,1,0,0,https://www.bilibili.com/read/cv31409243
32139218,从金田伊功到咒术回战，上妻晋作谈动作作画的四十年,593,65,90,0,7,2,15,0,https://www.bilibili.com/read/cv32139218
31800687,忍不了老板用AI偷偷盗图，我决定跑路,45667,65,247,0,22,12,6,0,https://www.bilibili.com/read/cv31800687
31714601,《赛马娘》漫画:三稜釜次郎老师的速子之二、三,3162,65,137,0,1,1,1,0,https://www.bilibili.com/read/cv31714601
31905377,关于在AE中进行色彩匹配的原理和操作细节,633,64,38,0,4,1,2,0,https://www.bilibili.com/read/cv31905377
31746708,布莱泽完结后SKaRD全员的心情,8791,64,102,0,33,3,0,0,https://www.bilibili.com/read/cv31746708
31185087,【机动战士高达】雪藏的黑历史----G-救世主,16775,63,252,0,13,5,14,0,https://www.bilibili.com/read/cv31185087
31625238,最美不过二次元【AI】,4519,61,159,0,5,4,3,0,https://www.bilibili.com/read/cv31625238
32148056,【赛马娘漫画】 掏耳朵的贵妇人同学,9886,60,240,0,12,3,1,0,https://www.bilibili.com/read/cv32148056
31408499,AI-珑雫和诗莉穿着胸罩出门了~,2186,60,53,0,12,4,2,0,https://www.bilibili.com/read/cv31408499
32217168,Love Live !、光之美少女角色设计——斋藤敦史的角色魅力设计论,1855,59,60,0,3,12,2,0,https://www.bilibili.com/read/cv32217168
31350722,【渣翻】名字太长老师的It's MyGO!!!!!同人②,8582,59,209,0,11,2,0,0,https://www.bilibili.com/read/cv31350722
31143194,水星的魔女同人汉化 打扫完卫生一起洗澡的二人,1768,58,83,0,6,0,0,0,https://www.bilibili.com/read/cv31143194
31479768,【高达ZZ战舰介绍】萨达朗级机动战舰,13416,56,249,0,18,1,7,0,https://www.bilibili.com/read/cv31479768
31303452,【赛马娘同人漫画】不管怎样都可爱的ACE,1176,56,64,0,4,2,0,0,https://www.bilibili.com/read/cv31303452
31362051,HT推出战损版假面骑士黑日！,115823,55,508,0,13,26,0,0,https://www.bilibili.com/read/cv31362051
32044113,【中字】魔法少女伊莉雅99一挥之下,2610,54,97,0,26,15,7,0,https://www.bilibili.com/read/cv32044113
31914568,【虹作坊汉化组】悠悠闲闲虹学会四格漫（おいも）（全员欢乐向）,1963,54,116,0,8,3,6,0,https://www.bilibili.com/read/cv31914568
31835128,【授权汉化】投喂巧克力的椛（别当欧尼酱了）（琴吹大王）,5508,54,159,0,13,2,7,0,https://www.bilibili.com/read/cv31835128
31486235,東雪蓮·烟火星辰东雪莲3装扮表情无损放大，头图，加载动画，点赞动画,3727,54,99,0,24,16,1,0,https://www.bilibili.com/read/cv31486235
31415531,MyGO!!!!! 4th LIVE「前へ進む音の中で」BD 1080p x264 10bit,1130,54,16,0,2,2,1,0,https://www.bilibili.com/read/cv31415531
31223250,雪狐，黎歌，冥冥，希月，莉娅大D特D收藏集第二弹图片，表情无损放大,3884,54,82,0,4,2,0,0,https://www.bilibili.com/read/cv31223250
31949442,MLP:FIM 小马同人图集#92 画师:shutterflyeqd 好看的官风小马,2021,53,97,0,23,5,6,0,https://www.bilibili.com/read/cv31949442
32059098,【渣翻】follower老师的It's MyGO!!!!!同人⑮,5771,52,176,0,10,1,0,0,https://www.bilibili.com/read/cv32059098
31787914,早安，18号，视频同款壁纸放送【AI绘壁纸】,10410,52,163,0,11,14,0,0,https://www.bilibili.com/read/cv31787914
31259198,你的名字。｜高清壁纸｜高清头像（一）,1581,52,40,0,1,0,3,0,https://www.bilibili.com/read/cv31259198
31178794,“喵呜呜呜~~”,8096,52,203,0,28,2,2,0,https://www.bilibili.com/read/cv31178794
32050628,波兰人更懂中国游戏？居然耗时8年做了一版“中国游戏市场攻略指南”？,33940,51,191,0,6,13,2,0,https://www.bilibili.com/read/cv32050628
31362653,好帅气的速子,1516,51,81,0,2,0,0,0,https://www.bilibili.com/read/cv31362653
31324935,【高达Z战舰介绍】别样旗舰----格瓦邦级,13508,51,206,0,21,2,4,0,https://www.bilibili.com/read/cv31324935
31314452,微光飞驹个人剧情总结,9902,51,226,0,47,1,5,0,https://www.bilibili.com/read/cv31314452
31211903,【亚历山大图书馆汉化组】同人志 斐迪南与罗洁梅茵的强制转移(しろよ),4146,51,164,0,40,6,31,0,https://www.bilibili.com/read/cv31211903
32282720,2024年4月新番已公布59部！,37150,50,367,0,17,22,7,0,https://www.bilibili.com/read/cv32282720
31761078,被长大后的学生求婚 4,3178,50,70,0,4,2,2,0,https://www.bilibili.com/read/cv31761078
31570006,怪诞小镇-神级同人-《Deal 》个人汉化 121~130,2707,50,41,0,4,0,0,0,https://www.bilibili.com/read/cv31570006
32403015,【虹之星黄组】栞雪在学生会室H的本（戦いの軌跡）（栞雪/しおせつ）,3610,49,153,0,21,4,4,0,https://www.bilibili.com/read/cv32403015
32140450,FA系列再添新员，千值练镭射眼来了！,93068,49,373,0,9,4,0,0,https://www.bilibili.com/read/cv32140450
31646383,最美不过二次元【比基尼泳装】,4765,49,180,0,2,3,3,0,https://www.bilibili.com/read/cv31646383
31533238,6年前就声名在外的“神作”，因为“惨遭动画化”又火了一次？,81874,49,536,0,15,0,6,0,https://www.bilibili.com/read/cv31533238
31528821,《赛马娘》漫画:喂食,3227,49,130,0,3,0,1,0,https://www.bilibili.com/read/cv31528821
31478065,PMX模型Local轴向推荐标准和检查修复,1175,49,68,0,6,1,7,0,https://www.bilibili.com/read/cv31478065
32259313,【机动战士高达SEED FREEDOM】Z'GOK机甲是合体的产物？,15146,48,52,0,15,3,0,0,https://www.bilibili.com/read/cv32259313
31627993,游戏动画制作小结,862,48,38,0,13,1,12,0,https://www.bilibili.com/read/cv31627993
31415211,【赛马娘漫画】两个奇迹做巧克力,6947,48,207,0,4,2,1,0,https://www.bilibili.com/read/cv31415211
31185104,鹿野灸犬系少年收藏集图片，表情无损放大,3422,48,55,0,2,2,0,0,https://www.bilibili.com/read/cv31185104
32008173,《碧蓝航线漫画集Breaking!!》第八卷 06话,3672,47,106,0,7,1,2,0,https://www.bilibili.com/read/cv32008173
31879652,检查还原度的茶座,8425,47,193,0,6,0,0,0,https://www.bilibili.com/read/cv31879652
31247238,结那（Yuina）ins考古+美图2019年9月,5486,47,151,0,10,7,2,0,https://www.bilibili.com/read/cv31247238
32319374,青山渚YJ杂志24年13号写真部分,4576,46,125,0,4,0,7,0,https://www.bilibili.com/read/cv32319374
32136505,【授权汉化】寻椛小漫画（5）（别当欧尼酱了）（HIROsae）,3096,46,130,0,4,1,3,0,https://www.bilibili.com/read/cv32136505
31615983,P站——葬送的芙莉莲,2144,46,44,0,1,1,1,0,https://www.bilibili.com/read/cv31615983
31529170,她真的好小只(17),3887,46,74,0,3,5,0,0,https://www.bilibili.com/read/cv31529170
31362527,和平时不一样的速子的概念,1337,46,71,0,5,0,1,0,https://www.bilibili.com/read/cv31362527
31265978,【自译】擅长捉弄的高木同学——情人节特别篇⑤,2768,46,76,0,9,0,0,0,https://www.bilibili.com/read/cv31265978
32219910,《赛马娘》漫画:像猫一样的速子,2121,45,102,0,4,2,0,0,https://www.bilibili.com/read/cv32219910
31478980,最美不过二次元【比基尼泳装】,4549,45,167,0,1,2,2,0,https://www.bilibili.com/read/cv31478980
31318247,著名提坦斯野爹藤冈建机身份研究,775,45,48,0,5,3,2,0,https://www.bilibili.com/read/cv31318247
31173885,【访谈翻译】2024青山对话日问答汇总,15862,45,180,0,19,9,0,0,https://www.bilibili.com/read/cv31173885
32138068,芙蓉王小魔法三连,2155,44,61,0,1,3,1,0,https://www.bilibili.com/read/cv32138068
32067954,现在，日本动画才开始得到世界的正当评价？,36634,44,245,0,10,0,8,0,https://www.bilibili.com/read/cv32067954
31738869,【问神手书】个人幕后制作记录（中）,2077,44,99,0,5,4,2,0,https://www.bilibili.com/read/cv31738869
32082896,《赛马娘》漫画:因子研究,2352,43,98,0,5,1,2,0,https://www.bilibili.com/read/cv32082896
31955144,大鸣大放个人剧情总结,7773,43,176,0,30,2,6,0,https://www.bilibili.com/read/cv31955144
31722722,葱粉の第三百七十三期分享,1097,43,62,0,10,2,2,0,https://www.bilibili.com/read/cv31722722
31362708,水星的魔女同人汉化 帅气又可爱的新郎,1324,43,86,0,2,0,0,0,https://www.bilibili.com/read/cv31362708
31937896,【虹之星汉化组】LoveLive! flowers*- 莲之空女学院学园偶像俱乐部-第4话（官方漫画）,4160,42,153,0,7,4,8,0,https://www.bilibili.com/read/cv31937896
31204260,THE iDOLM@STER: Shiny Colors Style Book - L'Antica,9655,42,93,0,0,2,0,0,https://www.bilibili.com/read/cv31204260
31994786,最美不过二次元【AI】,4074,41,142,0,3,3,5,0,https://www.bilibili.com/read/cv31994786
31532499,[柯哀好图]第一弹,880,41,41,0,1,2,0,0,https://www.bilibili.com/read/cv31532499
31466040,最美不过二次元【AI】,5176,41,151,0,6,4,5,0,https://www.bilibili.com/read/cv31466040
32147719,二水推整理：铁川兔爱,3397,40,85,0,18,2,3,0,https://www.bilibili.com/read/cv32147719
31997394,【高达SEED】移动武器库----GAT-X103 暴风高达,13003,40,185,0,10,1,5,0,https://www.bilibili.com/read/cv31997394
31382167,“他哭得好像一条狗啊”——《奶奶重返青春》全1话,2316,40,44,0,3,2,1,0,https://www.bilibili.com/read/cv31382167
31323161,《梦想成为魔法少女》声优池田海咲×风间万裕子×和泉风花专访,991,40,47,0,3,4,5,0,https://www.bilibili.com/read/cv31323161
32290300,【赛马娘漫画】解锁了常服的茶座,6899,39,192,0,9,1,3,0,https://www.bilibili.com/read/cv32290300
31833899,【赛马娘狸动画】猫咪之日,8027,39,205,0,5,0,0,0,https://www.bilibili.com/read/cv31833899
31186135,【杂志】写真冠军VOL.3Payton尚未部分,3209,39,116,0,5,6,1,0,https://www.bilibili.com/read/cv31186135
31167465,Mygo!!!!!美图推荐,3316,39,47,0,4,0,2,0,https://www.bilibili.com/read/cv31167465
31148839,【猫岛】君はまほうがつかえる,5909,39,138,0,4,4,7,0,https://www.bilibili.com/read/cv31148839
32261248,最美不过二次元【AI】,3187,38,118,0,1,3,5,0,https://www.bilibili.com/read/cv32261248
31875453,她真的好小只(21)【100张合集】,3373,38,80,0,4,1,2,0,https://www.bilibili.com/read/cv31875453
31787224,高达Gundam ACE 22年9月 PS5大人气作品 激战任务之代号妖精 角色完全介绍 日文原版,3641,38,54,0,6,1,0,0,https://www.bilibili.com/read/cv31787224
31417931,【MME】ikFur，MMD的毛发着色器,1388,38,59,0,3,0,1,0,https://www.bilibili.com/read/cv31417931
31407347,最美不过二次元【一次看个够系列】,5351,38,187,0,6,4,7,0,https://www.bilibili.com/read/cv31407347
31264878,【虹作坊汉化组】Road to the Queendom（テラ'）（米岚）,2386,38,106,0,5,0,9,0,https://www.bilibili.com/read/cv31264878
31141685,【主角组吧（茶与金平糖）汉化组】无法结束的深蓝2,1335,38,85,0,8,3,3,0,https://www.bilibili.com/read/cv31141685
32080019,【星穹铁道】花火——欢愉的雌小鬼【搬运转载】,4261,37,171,0,4,1,1,0,https://www.bilibili.com/read/cv32080019
31770735,麻烦M27就这么拍！,4492,37,57,0,8,1,0,0,https://www.bilibili.com/read/cv31770735
31737385,水星的魔女同人汉化 在温暖中生活下去,1100,37,69,0,3,0,4,0,https://www.bilibili.com/read/cv31737385
31647475,【赛马娘同人漫画】光芒的昴宿星团（下）,676,37,50,0,2,4,4,0,https://www.bilibili.com/read/cv31647475
31543069,年度文章TOP3，你看过几个？,51011,37,197,0,4,3,2,0,https://www.bilibili.com/read/cv31543069
30959667,水星的魔女同人汉化 因夸奖对方而害羞的二人,1457,37,77,0,4,0,2,0,https://www.bilibili.com/read/cv30959667
32296097,《赛马娘》漫画:壁咚,2123,36,100,0,4,1,0,0,https://www.bilibili.com/read/cv32296097
31901490,国漫女神AI：《斗罗大陆》梦红尘、千仞雪、《完美世界》云曦,698,36,34,0,0,0,0,0,https://www.bilibili.com/read/cv31901490
31819382,海洛奥特曼05,7902,36,31,0,4,4,2,0,https://www.bilibili.com/read/cv31819382
31793291,千仞雪武魂继承人出现，结局早已注定，只因武魂是邪魂师克星,9650,36,30,1,21,0,2,0,https://www.bilibili.com/read/cv31793291
31467550,【主角组吧（茶与金平糖）汉化组】即使看错了那颗流星,1183,36,83,0,6,5,2,0,https://www.bilibili.com/read/cv31467550
31420333,【汉化分享第16期】奥特曼飞向地球,2533,36,68,0,3,0,0,0,https://www.bilibili.com/read/cv31420333
31406569,最美不过二次元【原神】,5101,36,151,0,0,4,2,0,https://www.bilibili.com/read/cv31406569
31312684,【自译】擅长捉弄的高木同学——情人节特别篇⑥,3478,36,83,0,1,1,0,0,https://www.bilibili.com/read/cv31312684
31286388,【MyGO!!!!!】丰川祥子诞生日2024推图小合集,2742,36,89,0,2,2,2,0,https://www.bilibili.com/read/cv31286388
31225775,G4经典重现 之 罗密欧与朱丽叶 (单行刊) (生肉),1055,36,41,0,0,0,2,0,https://www.bilibili.com/read/cv31225775
31205383,最美不过二次元【AI】,5578,36,136,0,0,3,2,0,https://www.bilibili.com/read/cv31205383
31150173,如果B站饺砸都能包成这样，我愿意再吃十顿,47147,36,384,0,28,6,5,0,https://www.bilibili.com/read/cv31150173
31141552,【主角组吧（茶与金平糖）汉化组】无法结束的深蓝1,1383,36,92,0,2,6,1,0,https://www.bilibili.com/read/cv31141552
32386376,【个人汉化】久织版种命漫画外传 《DESIRE》真飞鸟外传 《那唯一的愿望》,2992,35,64,0,6,2,4,0,https://www.bilibili.com/read/cv32386376
32262776,今日花火,1006,35,23,0,0,1,0,0,https://www.bilibili.com/read/cv32262776
32010251,标题 二月份的活动,7828,35,207,0,10,1,1,0,https://www.bilibili.com/read/cv32010251
31633682,原创TV动画《没能成为魔法师的女孩子的故事》｜情报解禁&主创感言,4247,35,65,0,3,4,4,0,https://www.bilibili.com/read/cv31633682
31262714,可爱的二次元向表情包分享（77）,2506,35,44,0,3,0,2,0,https://www.bilibili.com/read/cv31262714
31943972,【渣翻】Hellz老师的Mygo!!!!!漫画①,4884,34,103,0,10,0,0,0,https://www.bilibili.com/read/cv31943972
31907756,关于一些老番（九十五）收藏向,5484,34,97,0,14,0,7,0,https://www.bilibili.com/read/cv31907756
31582065,东京夏日相会2021 序章,1646,34,56,0,7,6,3,0,https://www.bilibili.com/read/cv31582065
31358058,【MyGO!!!!!】[わたぬき](爱素)同人短漫,2984,34,109,0,7,4,4,0,https://www.bilibili.com/read/cv31358058
31351992,《命运拳台》设定花絮合集,1224,34,27,0,7,3,0,0,https://www.bilibili.com/read/cv31351992
32262047,最美不过二次元,3550,33,147,0,1,3,3,0,https://www.bilibili.com/read/cv32262047
31991925,是纳西妲哟～(220),2525,33,76,0,0,0,0,0,https://www.bilibili.com/read/cv31991925
31362190,【日语中字】刀剑神域第二季补全计划（附链接）,1379,33,15,0,3,2,1,0,https://www.bilibili.com/read/cv31362190
32260182,【机动战士高达SEED FREEDOM】官方资料节选（一）包含人物职级,2374,32,16,0,11,1,2,0,https://www.bilibili.com/read/cv32260182
31956413,邦邦四格 第381話「仲良しバンドマン」(渣翻),3086,32,82,0,4,1,0,0,https://www.bilibili.com/read/cv31956413
31749707,【熊出没·鹿族溯梦】 漫画  第一话,839,32,53,0,26,8,25,0,https://www.bilibili.com/read/cv31749707
31735861,【情报】コトヤマ《彻夜之歌》穿着古代旅行装的七草荠,1476,32,38,0,11,4,0,0,https://www.bilibili.com/read/cv31735861
31573707,Wallpaper Engine动态壁纸常见问题,1645,32,16,0,2,1,3,0,https://www.bilibili.com/read/cv31573707
31246261,《赛马娘》漫画:速子小姐在漫展,2370,32,115,0,4,0,0,0,https://www.bilibili.com/read/cv31246261
32312521,清晨恰新鲜的小可爱【1151】花火,4120,31,199,0,39,2,9,0,https://www.bilibili.com/read/cv32312521
32286768,【AI绘画】鬼灭之忍蝴蝶忍高清美图壁纸欣赏（9）,1147,31,37,0,0,0,0,0,https://www.bilibili.com/read/cv32286768
32141546,《Re:从零开始的异世界生活》第三季主视觉海报公开！3月24日将公布放送时间！,3636,31,52,0,17,25,2,0,https://www.bilibili.com/read/cv32141546
31999900,憧憬成为魔法少女（转载第二十一话）,2726,31,39,0,10,1,0,0,https://www.bilibili.com/read/cv31999900
31906543,动漫壁纸(5),1028,31,24,0,0,0,0,0,https://www.bilibili.com/read/cv31906543
31485854,【赛马娘漫画】本初之母,1173,31,59,0,6,2,0,0,https://www.bilibili.com/read/cv31485854
31455404,葬送的芙莉莲4K臻享级画质,2469,31,36,0,12,1,8,0,https://www.bilibili.com/read/cv31455404
31294590,小学生什么的最棒啦！(218),4490,31,101,0,2,0,2,0,https://www.bilibili.com/read/cv31294590
31174436,杨超越COS嫦娥上热搜，评论区吐槽声太大了！眼神凶狠表情太木讷？适合演绎可爱角色,51779,31,50,0,152,5,4,0,https://www.bilibili.com/read/cv31174436
31147984,动漫壁纸(5),1287,31,36,0,4,2,0,0,https://www.bilibili.com/read/cv31147984
32387096,憧憬成为魔法少女（转载第二十七话）,2509,30,31,0,7,1,0,0,https://www.bilibili.com/read/cv32387096
32168821,最美不过二次元,4149,30,169,0,2,2,4,0,https://www.bilibili.com/read/cv32168821
31937360,【汉化】漫画『卡比兽的梦想美食』06话（最终话）,85934,30,433,0,5,5,0,0,https://www.bilibili.com/read/cv31937360
31900241,[桃子冰沙汉化组] 白雪公主式trap,675,30,52,0,4,0,5,0,https://www.bilibili.com/read/cv31900241
31833448,MyGo!!!!! Pixiv500收藏collection6,6898,30,111,0,3,0,1,0,https://www.bilibili.com/read/cv31833448
31833382,【问神手书】个人幕后制作记录（下）,2188,30,109,0,4,2,4,0,https://www.bilibili.com/read/cv31833382
31822019,七人杀阵 01,345,30,45,0,12,2,10,0,https://www.bilibili.com/read/cv31822019
31745801,BanG Dream! 12th LIVE DAY2 MyGO!!!!!「ちいさな一瞬」,921,30,16,0,4,3,0,0,https://www.bilibili.com/read/cv31745801
31717541,最美不过二次元【AI】,4830,30,156,0,6,4,1,0,https://www.bilibili.com/read/cv31717541
31478293,S属性大爆发…サボる！“不想工作！社会好可怕！”的日语怎么说？,98015,30,441,0,13,4,1,0,https://www.bilibili.com/read/cv31478293
31147852,【FSD×光之国】布莱泽奥特曼 漫画特别篇 大决战!!王者怪兽军团（简体版）,2344,30,65,0,2,0,1,0,https://www.bilibili.com/read/cv31147852
31145798,pixiv精选少女100萌图第19期,2000,30,62,0,10,2,1,0,https://www.bilibili.com/read/cv31145798
32206041,从金田伊功到《咒术回战》 原画师上妻晋作长篇访谈 要点整理&翻译,4170,29,79,0,2,6,7,0,https://www.bilibili.com/read/cv32206041
31789384,OpenAI sora视频生成模型技术报告！对动画领域有什么影响？,38056,29,173,0,8,4,1,0,https://www.bilibili.com/read/cv31789384
31493688,最美不过二次元【萝莉】,5190,29,161,0,3,3,2,0,https://www.bilibili.com/read/cv31493688
31409639,今日芙宁娜,1595,29,30,0,0,0,0,0,https://www.bilibili.com/read/cv31409639
31179185,绘森彩ins作文，在MC环节不能说的……,7871,29,208,0,13,1,2,0,https://www.bilibili.com/read/cv31179185
32353260,【猫岛】雨だれの歌,3813,28,127,0,5,5,4,0,https://www.bilibili.com/read/cv32353260
32290652,霜月ポトフ-11岁小萝莉专场少女萌图（画师：かにビーム）,1660,28,51,0,1,0,5,0,https://www.bilibili.com/read/cv32290652
32068763,最美不过二次元【AI】,3208,28,124,0,1,3,3,0,https://www.bilibili.com/read/cv32068763
31997030,Twitter精选少女100萌图18.0,1616,28,49,0,3,0,0,0,https://www.bilibili.com/read/cv31997030
31763371,【冰室汉化组】MyGO同人漫画：差别对待,4916,28,110,0,2,0,0,0,https://www.bilibili.com/read/cv31763371
31550413,【美漫汉化】三位一体特刊,1896,28,56,0,2,4,4,0,https://www.bilibili.com/read/cv31550413
31548940,【汉化】告白组漫画 C103,1385,28,67,0,8,7,4,0,https://www.bilibili.com/read/cv31548940
31457161,最美不过二次元【蔚蓝档案】,4141,28,137,0,1,2,3,0,https://www.bilibili.com/read/cv31457161
31317389,【渣翻】새오老师的It's MyGO!!!!!同人①,6541,28,148,0,8,1,0,0,https://www.bilibili.com/read/cv31317389
31300407,黄金小子  动画设定集,1175,28,28,0,0,0,1,0,https://www.bilibili.com/read/cv31300407
31211056,[芙莉莲同人漫]阿乌拉成为同伴的世界线12,2397,28,24,0,3,2,3,0,https://www.bilibili.com/read/cv31211056
31167308,小学生什么的最棒啦！(104),4042,28,91,0,2,2,0,0,https://www.bilibili.com/read/cv31167308
31047518,二次元图鉴 | 《崩坏星穹铁道》黑天鹅（壁纸美图·第602辑）,3596,28,52,0,0,1,0,0,https://www.bilibili.com/read/cv31047518
30968246,【高清4K】二次元美少女(第418期)【转载搬运】,5562,28,193,0,1,3,1,0,https://www.bilibili.com/read/cv30968246
32389412,【AI绘画】二次元FGO美女从者高清美图壁纸欣赏（3）,1248,27,34,0,1,1,0,0,https://www.bilibili.com/read/cv32389412
32322724,【MyGO!!!!!】[わたぬき](爱素)同人短漫,1977,27,98,0,7,2,2,0,https://www.bilibili.com/read/cv32322724
31956715,BanG Dream! Girls band party! Visual Book 下,6631,27,85,0,0,1,0,0,https://www.bilibili.com/read/cv31956715
31887163,【渣翻】邦邦官方的Mygo!!!!!漫画③,5772,27,172,0,7,1,3,0,https://www.bilibili.com/read/cv31887163
31658885,久织知槙回忆高达SEED编剧两泽千晶,20135,27,146,0,7,7,4,0,https://www.bilibili.com/read/cv31658885
31613424,《赛马娘》漫画:绝不原谅,2928,27,107,0,5,1,1,0,https://www.bilibili.com/read/cv31613424
31561063,MyGO!!!!!「彷徨する渇望」東京公演 花篮返图,1799,27,60,0,23,13,2,0,https://www.bilibili.com/read/cv31561063
31557268,[芙莉莲同人漫]阿乌拉成为同伴的世界线13,2415,27,34,0,0,1,0,0,https://www.bilibili.com/read/cv31557268
31554771,起死回生的大变革 战斗系恋爱题材电视剧—『鸟人战队喷射人』（上）,38309,27,406,0,7,4,4,0,https://www.bilibili.com/read/cv31554771
31457884,最美不过二次元【AI】,4230,27,148,0,0,5,3,0,https://www.bilibili.com/read/cv31457884
31230486,【自译】擅长捉弄的高木同学——情人节特别篇③,1777,27,61,0,3,3,0,0,https://www.bilibili.com/read/cv31230486
31224450,【图文】真正的传世遗产，变形金刚40周年漫威配色玩具的来龙去脉，致敬和传承！！,2903,27,63,0,1,4,2,0,https://www.bilibili.com/read/cv31224450
32442442,《艾斯奥特曼》幕后、角色设计稿图鉴（4）,884,26,59,0,12,0,3,0,https://www.bilibili.com/read/cv32442442
32304641,【虹作坊汉化组】真心小兔子与恶魔小狸猫（和泉キリフ）（步霞）,1654,26,93,0,5,0,4,0,https://www.bilibili.com/read/cv32304641
32296398,【yuri】早期yuri作品中的翘楚！“傻瓜与笨蛋”的恋爱喜剧！——《草莓奶昔》,971,26,86,0,33,4,18,0,https://www.bilibili.com/read/cv32296398
32058239,【渣翻】nkr老师的It's MyGO!!!!!同人①,5311,26,132,0,3,2,0,0,https://www.bilibili.com/read/cv32058239
31958562,2024年7月新番已公布16部！,41489,26,352,0,12,5,2,0,https://www.bilibili.com/read/cv31958562
31457263,是纳西妲哟～(219),6021,26,74,0,2,2,2,0,https://www.bilibili.com/read/cv31457263
31205872,最美不过二次元【蔚蓝档案】,5082,26,159,0,2,2,3,0,https://www.bilibili.com/read/cv31205872
32378851,最美不过二次元【AI】,3786,25,124,0,1,3,3,0,https://www.bilibili.com/read/cv32378851
32313257,门笛被害，龙皓晨母亲现身，魔神皇霸气救人，十大天才就三人能活,6588,25,23,0,14,0,2,0,https://www.bilibili.com/read/cv32313257
32151745,【电锯人2】漫画第59话 “啪啪啪啪嗡嗡嗡嗡大卸八块”,10714,25,147,0,35,10,6,0,https://www.bilibili.com/read/cv32151745
32093764,BanG Dream! Girls band party! Visual Book Vol.4&5 2,7486,25,79,0,0,0,2,0,https://www.bilibili.com/read/cv32093764
32008732,水星的魔女同人汉化 暖心的新郎,855,25,62,0,4,0,2,0,https://www.bilibili.com/read/cv32008732
31903974,蔚蓝档案碧蓝档案装扮表情无损放大，头图，加载动画，点赞动画,2599,25,50,0,4,4,0,0,https://www.bilibili.com/read/cv31903974
31900202,被长大后的学生求婚 6,3030,25,57,0,7,1,0,0,https://www.bilibili.com/read/cv31900202
31745381,2024年未定档新番已公布51部！,51324,25,393,0,20,11,0,0,https://www.bilibili.com/read/cv31745381
31495276,最美不过二次元【萝莉】,5342,25,156,0,3,2,1,0,https://www.bilibili.com/read/cv31495276
31492737,《高达0083》第17卷下,1668,25,21,0,16,0,0,0,https://www.bilibili.com/read/cv31492737
31457986,【机动战士高达SEED FREEDOM】这个“大冬瓜”是怎么来的，真是绝了（2.28又更新一张）,1164,25,19,0,6,0,0,0,https://www.bilibili.com/read/cv31457986
31399578,她真的好小只(16),4776,25,66,0,1,0,1,0,https://www.bilibili.com/read/cv31399578
31267943,《高达0083》第9卷上,1475,25,19,0,1,1,0,0,https://www.bilibili.com/read/cv31267943
31217044,憧憬成为魔法少女（转载第十三话）,4628,25,32,0,1,1,0,0,https://www.bilibili.com/read/cv31217044
31205229,最美不过二次元,5059,25,149,0,1,3,2,0,https://www.bilibili.com/read/cv31205229
31196201,【虹咲】重力POMU四格(13)（noseru老师）,951,25,61,0,1,10,5,0,https://www.bilibili.com/read/cv31196201
31142860,流萤小天使与小可爱,4371,25,210,0,32,0,11,0,https://www.bilibili.com/read/cv31142860
32394142,2024年7月新番已公布20部！,44321,24,338,0,4,3,1,0,https://www.bilibili.com/read/cv32394142
32374106,最美不过二次元,3605,24,139,0,1,0,3,0,https://www.bilibili.com/read/cv32374106
32066613,2024年未定档新番已公布51部！,38173,24,346,0,17,4,0,0,https://www.bilibili.com/read/cv32066613
32050658,一人之下｜米二未曾划分的境界详解，仙人至少也得分三个级别…,5241,24,22,0,7,0,0,0,https://www.bilibili.com/read/cv32050658
32014444,【高清原画】二次元美少女(第047期)【转载搬运】,4126,24,177,0,1,1,3,0,https://www.bilibili.com/read/cv32014444
32009552,鬼灭之刃 绊之奇迹 柱稽古篇 舞台挨拶repo,9673,24,196,0,12,2,2,0,https://www.bilibili.com/read/cv32009552
31956633,BanG Dream! Girls band party! Visual Book 上,6100,24,81,0,0,0,0,0,https://www.bilibili.com/read/cv31956633
31906738,【高清4K】生塩ノア（感谢1月的充电）【碧蓝档案】,3646,24,144,0,2,1,3,0,https://www.bilibili.com/read/cv31906738
31906686,【主角组吧（茶与金平糖）汉化组】霧雨也孤独,1058,24,70,0,6,4,4,0,https://www.bilibili.com/read/cv31906686
31900081,被长大后的学生求婚 5,2896,24,55,0,1,2,2,0,https://www.bilibili.com/read/cv31900081
31875498,清晨恰新鲜的小可爱1144期（猫の日）,3787,24,220,0,45,0,10,0,https://www.bilibili.com/read/cv31875498
31645491,MyGO!!!!! 2nd LIVE,510,24,12,0,1,0,1,0,https://www.bilibili.com/read/cv31645491
31398612,最美不过二次元【情人节限定】,4148,24,149,0,2,1,2,0,https://www.bilibili.com/read/cv31398612
31346761,TV动画《约会大作战 第五季》公开第一弹主视觉图和崇宮澪灵装视觉图，4月开播！,1370,24,39,0,0,2,0,0,https://www.bilibili.com/read/cv31346761
31305203,【MyGO!!!!!】[PLAPON]同人短漫,2788,24,101,0,5,5,1,0,https://www.bilibili.com/read/cv31305203
31299173,天降之物 动画角色设定集,945,24,14,0,0,4,0,0,https://www.bilibili.com/read/cv31299173
31250567,【总结】飘上月球，不死千花的致敬、参考内容,669,24,64,0,7,6,0,0,https://www.bilibili.com/read/cv31250567
31185373,【渣翻】venn老师的It's MyGO!!!!!同人①,6754,24,154,0,6,2,1,0,https://www.bilibili.com/read/cv31185373
32350708,二次元美女图片（1412）,2905,23,100,0,0,2,0,0,https://www.bilibili.com/read/cv32350708
32080318,【高清4K】泳装美少女(第176期)【转载搬运】,3772,23,145,0,4,0,1,0,https://www.bilibili.com/read/cv32080318
31995284,最美不过二次元,3833,23,144,0,0,0,3,0,https://www.bilibili.com/read/cv31995284
31739627,【告白系列】盘一盘时间线,323,23,29,0,8,2,0,0,https://www.bilibili.com/read/cv31739627
31479798,海洛奥特曼04,3864,23,25,0,6,4,3,0,https://www.bilibili.com/read/cv31479798
31454649,清晨恰最新鲜的小可爱1139期,4364,23,242,0,42,0,4,0,https://www.bilibili.com/read/cv31454649
31346110,她真的好小只(15),4371,23,59,0,1,0,0,0,https://www.bilibili.com/read/cv31346110
31269710,小猫晓美焰/吼姆拉,1146,23,34,0,4,3,2,0,https://www.bilibili.com/read/cv31269710
31183896,变身魔法少女还能变年轻？【老婆婆的魔法少女养成日记】第1-6话,693,23,26,0,0,1,0,0,https://www.bilibili.com/read/cv31183896
32441904,最美不过二次元,2455,22,103,0,0,2,2,0,https://www.bilibili.com/read/cv32441904
32436620,《赛马娘》漫画:小心,1332,22,82,0,0,1,0,0,https://www.bilibili.com/read/cv32436620
32396847,LoveLive!Days Love Live! General Magazine Vol.49,5832,22,65,0,0,0,0,0,https://www.bilibili.com/read/cv32396847
32306475,【个人汉化】久织版种命漫画外传 《DESIRE》米娅外传 《梦的尽头》,3685,22,60,0,9,1,2,0,https://www.bilibili.com/read/cv32306475
32064870,Pixiv每日推荐（日更）,3658,22,128,0,5,1,0,0,https://www.bilibili.com/read/cv32064870
32064760,憧憬成为魔法少女（转载第二十二话）,1893,22,39,0,1,0,0,0,https://www.bilibili.com/read/cv32064760
32008105,【主角组吧（茶与金平糖）汉化组】东方随性学园 ~圣诞篇~,712,22,58,0,3,2,2,0,https://www.bilibili.com/read/cv32008105
31947159,［赛马娘怪文书］因没有T的一周而逐渐发情的皇冠,729,22,34,0,3,1,0,0,https://www.bilibili.com/read/cv31947159
31742308,【冰室汉化组】MyGO同人漫画：变成小孩子的爱音,2645,22,70,0,3,2,0,0,https://www.bilibili.com/read/cv31742308
31741633,[彩月の部屋]はすっこ大集合!莲之空学园偶像俱乐部同人画集,7348,22,70,0,0,0,0,0,https://www.bilibili.com/read/cv31741633
31421668,斗罗大陆：唐三为何要封印王冬的记忆？答案很简单，只因两个原因,5436,22,21,0,27,1,1,0,https://www.bilibili.com/read/cv31421668
31418810,キミの記憶（你的记忆）女神异闻录3片尾曲（罗马音+平假名）歌词,325,22,7,0,2,0,0,0,https://www.bilibili.com/read/cv31418810
31355731,【虹咲】《爱姐开发大作战》《终将成为日常》（まっしぐら、ヒライ丨#璃爱fes合同⑦）,1044,22,55,0,5,17,3,0,https://www.bilibili.com/read/cv31355731
31297847,二次元图鉴 | 《蔚蓝档案》狐坂若藻（壁纸美图·第608辑）,2732,22,49,0,1,1,1,0,https://www.bilibili.com/read/cv31297847
31267015,初音未来单人收藏集图片，表情无损放大,3496,22,57,0,1,0,0,0,https://www.bilibili.com/read/cv31267015
31263811,《赛马娘》漫画:速子与情人节之一,1986,22,92,0,2,1,0,0,https://www.bilibili.com/read/cv31263811
31261817,【自译】擅长捉弄的高木同学——情人节特别篇④,1615,22,62,0,3,3,0,0,https://www.bilibili.com/read/cv31261817
31205163,是纳西妲哟～(216),4318,22,99,0,4,1,0,0,https://www.bilibili.com/read/cv31205163
31182281,【子修覇道】关于动画1093集片段与漫画扉页 布琳事件 的分析,32534,22,194,0,59,18,4,0,https://www.bilibili.com/read/cv31182281
31182002,【Pixiv鉴赏】#417 瑟瑟，打咩,5100,22,148,0,0,2,10,0,https://www.bilibili.com/read/cv31182002
31124117,【授权汉化】喜极而射（别当欧尼酱了）（らーめん）,5212,22,127,0,17,2,1,0,https://www.bilibili.com/read/cv31124117
32341911,【赛马娘漫画】在新公布的马娘中比较喜欢的希望之城,6665,21,176,0,10,0,0,0,https://www.bilibili.com/read/cv32341911
32277937,魔法少女小圆：Line表情包,229,21,10,0,1,1,0,0,https://www.bilibili.com/read/cv32277937
32259570,清晨恰新鲜的小可爱1150期～,3600,21,198,0,33,1,15,0,https://www.bilibili.com/read/cv32259570
32230323,【Pixiv鉴赏】#419 整天看这种东西会营养不良的,3193,21,114,0,0,1,8,0,https://www.bilibili.com/read/cv32230323
32115813,547道omofun转正答案，拯救你的苦难之路！,559,21,20,0,21,0,9,0,https://www.bilibili.com/read/cv32115813
32058646,最美不过二次元,3682,21,145,0,0,0,3,0,https://www.bilibili.com/read/cv32058646
32014898,【高清4K】泳装美少女(第174期)【转载搬运】,4320,21,160,0,0,2,3,0,https://www.bilibili.com/read/cv32014898
31958249,Pixiv每日推荐（日更）,4796,21,151,0,6,1,2,0,https://www.bilibili.com/read/cv31958249
31935434,清晨恰新鲜的小可爱【1145】,3862,21,208,0,35,0,11,0,https://www.bilibili.com/read/cv31935434
31821146,AnonTokyo表情包,297,21,6,0,0,0,0,0,https://www.bilibili.com/read/cv31821146
31817628,动漫-手机壁纸,1050,21,20,0,4,0,0,0,https://www.bilibili.com/read/cv31817628
31752529,【碧蓝幻想GBF表情包】(≧∇≦)/（大部分是relink,1939,21,25,0,6,1,0,0,https://www.bilibili.com/read/cv31752529
31747401,Gundam MS Bible 高达MS圣经 高达00人物篇 GN-001 驾驶员 刹那·F·清英 日文原版,2938,21,48,0,2,0,2,0,https://www.bilibili.com/read/cv31747401
31572866,二次元美女图片（1406）,4688,21,112,0,0,4,0,0,https://www.bilibili.com/read/cv31572866
31569205,【史莱姆圣女】第3—4话,745,21,24,0,13,0,0,0,https://www.bilibili.com/read/cv31569205
31293657,清晨恰最新鲜的小可爱1136期,4099,21,207,0,39,1,6,0,https://www.bilibili.com/read/cv31293657
31158293,「孤独摇滚！」舞台剧评论录制报告与访谈,316,21,25,0,2,2,3,0,https://www.bilibili.com/read/cv31158293
32402729,兽耳萝莉画师推荐（まふゆ、Nakkar、イチリ 画师专场少女萌图）,1456,20,33,0,0,1,0,0,https://www.bilibili.com/read/cv32402729
32330416,【访谈翻译/柯南M27】柯南声优·高山南——柯南、基德、平次建立了良好距离感的关系,2814,20,46,0,17,5,0,0,https://www.bilibili.com/read/cv32330416
32070663,最美不过二次元,3506,20,138,0,0,1,6,0,https://www.bilibili.com/read/cv32070663
32003757,205 紧身衣,1604,20,44,0,0,1,0,0,https://www.bilibili.com/read/cv32003757
31907582,二次元美女图片（1409）,3272,20,94,0,0,1,0,0,https://www.bilibili.com/read/cv31907582
31876332,日本本土失守，韩漫平台拿下日本手机APP第一，韩漫的狂飙之路！,34108,20,208,0,19,1,0,0,https://www.bilibili.com/read/cv31876332
31742726,【亚历山大图书馆汉化组】小书痴的下克上 第四部 第35话,2699,20,118,0,53,0,40,0,https://www.bilibili.com/read/cv31742726
31720573,写实版大王与沙鲁壁纸放送【AI绘壁纸】,7040,20,44,0,2,3,0,0,https://www.bilibili.com/read/cv31720573
31655504,[柯哀好图]第二弹,572,20,24,0,2,0,0,0,https://www.bilibili.com/read/cv31655504
31571375,二次元美女图片(1405),3871,20,101,0,0,3,2,0,https://www.bilibili.com/read/cv31571375
31480868,【精选高清风景】美图系列（18）,2080,20,41,0,0,1,2,0,https://www.bilibili.com/read/cv31480868
31398105,清晨恰最新鲜的小可爱1138期,4546,20,242,0,45,1,9,0,https://www.bilibili.com/read/cv31398105
31316766,身为女主角！~被讨厌的女主角与秘密的工作~   第一话,768,20,51,0,1,3,4,0,https://www.bilibili.com/read/cv31316766
31266765,【渣翻】七海老师的It's MyGO!!!!!同人⑥,3733,20,105,0,3,0,0,0,https://www.bilibili.com/read/cv31266765
31166361,憧憬成为魔法少女（转载第十二话）,3954,20,17,0,3,0,0,0,https://www.bilibili.com/read/cv31166361
31148378,【yuri/特别节目】新年快乐！2023年的年度总结！,1803,20,103,0,60,6,3,0,https://www.bilibili.com/read/cv31148378
32312997,一部被严重低估的科幻动画？本周完结撒花！《火星西路7号》主创独家专访来啦,34494,19,205,0,5,5,0,0,https://www.bilibili.com/read/cv32312997
32265648,最美不过二次元,3805,19,139,0,2,1,0,0,https://www.bilibili.com/read/cv32265648
32048305,田口，实在不行剧场版可以都给武居拍,4890,19,40,0,87,1,0,0,https://www.bilibili.com/read/cv32048305
31935764,元宵节的加餐小可爱,3656,19,211,0,33,2,7,0,https://www.bilibili.com/read/cv31935764
31909128,【高清原画】二次元美少女(第046期)【转载搬运】,4422,19,172,0,5,1,1,0,https://www.bilibili.com/read/cv31909128
31821352,2024年已定档剧场版动画已公布24部！,43560,19,326,0,4,2,0,0,https://www.bilibili.com/read/cv31821352
31658108,二次元美女图片（1407）,4007,19,117,0,0,2,2,0,https://www.bilibili.com/read/cv31658108
31611781,【冰室汉化组】MyGO同人漫画：昵称,3777,19,87,0,1,1,0,0,https://www.bilibili.com/read/cv31611781
31416796,【冰室汉化组】MyGO同人漫画：希望被注意到,2995,19,94,0,2,0,2,0,https://www.bilibili.com/read/cv31416796
31398467,最美不过二次元,4249,19,151,0,0,2,0,0,https://www.bilibili.com/read/cv31398467
31350676,【渣翻】YOGURTPT老师的It's MyGO!!!①,5898,19,117,0,6,0,2,0,https://www.bilibili.com/read/cv31350676
31317713,二次元美女图片（1404）,4476,19,99,0,0,2,0,0,https://www.bilibili.com/read/cv31317713
31315060,二次元美女图片（1403）,4085,19,104,0,0,1,0,0,https://www.bilibili.com/read/cv31315060
31294122,情人节、小可爱与暖意,3960,19,213,0,22,0,9,0,https://www.bilibili.com/read/cv31294122
31264165,【Pixiv鉴赏】#418 浏览瑟瑟，打咩,5092,19,153,0,0,1,6,0,https://www.bilibili.com/read/cv31264165
31224807,二次元美女图片（1401）,3867,19,106,0,0,3,0,0,https://www.bilibili.com/read/cv31224807
31166198,清晨恰最新鲜的小可爱1133期,4528,19,215,0,30,0,4,0,https://www.bilibili.com/read/cv31166198
30967935,【高清4K】二次元美少女(第417期)【转载搬运】,4306,19,165,0,20,0,4,0,https://www.bilibili.com/read/cv30967935
32437135,最美不过二次元,3108,18,103,0,3,0,2,0,https://www.bilibili.com/read/cv32437135
32405020,云堇先生，写实版 + 泳装壁纸放送【AI绘壁纸】,3778,18,83,0,1,0,0,0,https://www.bilibili.com/read/cv32405020
32373309,清晨恰新鲜的小可爱【1152】上,3744,18,180,0,38,3,9,0,https://www.bilibili.com/read/cv32373309
32336056,水星的魔女同人汉化 狸满脑子想的都是kiss呢,691,18,52,0,2,0,2,0,https://www.bilibili.com/read/cv32336056
32313632,【机动战士高达SEED FREEDOM】官方资料节选（二）机体情况介绍,1380,18,12,0,0,0,0,0,https://www.bilibili.com/read/cv32313632
32313247,姬青走后罗峰终于有自己的领域了，他的领域是什么？又有啥作用？,5231,18,10,0,8,1,2,0,https://www.bilibili.com/read/cv32313247
32301790,【Pixiv鉴赏】#420 就好这口,3117,18,120,0,1,1,4,0,https://www.bilibili.com/read/cv32301790
32259745,豆瓣9.5分的中国风动画神作，被Netflix毁得渣都不剩了？,36938,18,168,0,15,1,0,0,https://www.bilibili.com/read/cv32259745
32161235,清晨恰的新鲜小可爱【1149】,3748,18,207,0,38,1,9,0,https://www.bilibili.com/read/cv32161235
32114436,猫娘狐娘与少女的梦,3331,18,189,0,21,0,8,0,https://www.bilibili.com/read/cv32114436
32113790,清晨的新鲜小可爱【1148】,3736,18,210,0,41,0,7,0,https://www.bilibili.com/read/cv32113790
32075638,弱智吧笑话车万化第七期,1837,18,103,0,4,1,1,0,https://www.bilibili.com/read/cv32075638
32020640,BanG Dream! Girls band party! Visual Book Vol.2 下,8390,18,71,0,0,0,0,0,https://www.bilibili.com/read/cv32020640
31992821,诛仙动漫官方被骂诈骗，公然把网友当猴耍，言而无信戏耍观众,4503,18,14,0,11,1,2,0,https://www.bilibili.com/read/cv31992821
31911446,二次元美女图片 (1410),4000,18,88,0,0,1,2,0,https://www.bilibili.com/read/cv31911446
31898130,Rainimator Wiki Herobrine页面 中翻,525,18,23,0,11,0,0,0,https://www.bilibili.com/read/cv31898130
31828507,二次元美女图片（1408）,3428,18,98,0,0,2,0,0,https://www.bilibili.com/read/cv31828507
31743483,售价2W日元？SHF艾斯杀手来了！,100701,18,421,0,17,9,2,0,https://www.bilibili.com/read/cv31743483
31398832,因为管人映照出自己身上太多阴影，我带头anti把自己玩死了,3542,18,145,0,43,5,1,0,https://www.bilibili.com/read/cv31398832
31348488,【解读与观后感】《M27百万美元的五棱星》90秒预告（专栏版）！,6159,18,75,0,19,0,0,0,https://www.bilibili.com/read/cv31348488
31314934,娇羞型立希,1478,18,34,0,2,5,0,0,https://www.bilibili.com/read/cv31314934
31299862,猫猫虫表情包图片合集（1）,1823,18,28,0,2,2,0,0,https://www.bilibili.com/read/cv31299862
31295832,《赛马娘》漫画:爱丽速子与情人节之五,2006,18,87,0,11,0,0,0,https://www.bilibili.com/read/cv31295832
31291698,【碧蓝档案】美图系列（21）,2349,18,71,0,0,0,4,0,https://www.bilibili.com/read/cv31291698
32267511,【渣翻】akni老师的It's MyGO!!!!!同人㉒,3813,17,95,0,10,1,0,0,https://www.bilibili.com/read/cv32267511
32093688,BanG Dream! Girls band party! Visual Book Vol.2&3、4&5 末,1311,17,29,0,0,0,2,0,https://www.bilibili.com/read/cv32093688
31992123,【渣翻】ヤマトバンビーズ老师的It's MyGO!!!!!同人④,4763,17,87,0,4,0,0,0,https://www.bilibili.com/read/cv31992123
31990730,清晨恰新鲜的小可爱【1146】,4020,17,217,0,29,0,14,0,https://www.bilibili.com/read/cv31990730
31834794,【MyGO!!!!!】要乐奈诞生日2024推图小合集,2266,17,76,0,2,2,0,0,https://www.bilibili.com/read/cv31834794
31708728,Sora背后团队原来是他们！居然还有00后！,36213,17,155,0,0,2,0,0,https://www.bilibili.com/read/cv31708728
31647649,小小的也很可爱呐！,79702,17,318,0,6,0,0,0,https://www.bilibili.com/read/cv31647649
31481073,动漫-手机壁纸,1823,17,14,0,0,1,0,0,https://www.bilibili.com/read/cv31481073
31457584,Pixiv美图壁纸排行 | 今日热图榜-24.2.20,2832,17,43,0,0,1,0,0,https://www.bilibili.com/read/cv31457584
31422667,꒰ঌ 卡哇伊 二次元 171 ໒꒱,2888,17,146,0,2,0,3,0,https://www.bilibili.com/read/cv31422667
31345512,清晨恰最新鲜的小可爱1137期,4454,17,234,0,41,6,9,0,https://www.bilibili.com/read/cv31345512
31308993,MILGRAM企划主创人员访谈录——节选自企划首场演唱会“hallucination”场刊,200,17,20,0,0,6,1,0,https://www.bilibili.com/read/cv31308993
31267051,【渣翻】石巻六郎老师的It's MyGO!!!!!同人②,3788,17,94,0,3,1,0,0,https://www.bilibili.com/read/cv31267051
31186562,二次元美女图片（1398）,3298,17,98,0,0,2,0,0,https://www.bilibili.com/read/cv31186562
32380248,2024年四月新番开播时间一览（含视觉图，全66部）,980,16,25,0,19,2,4,0,https://www.bilibili.com/read/cv32380248
32345600,二次元美女图片（1411）,2440,16,90,0,0,2,2,0,https://www.bilibili.com/read/cv32345600
32293898,关于一些老番（九十六）收藏向,4304,16,77,0,6,0,7,0,https://www.bilibili.com/read/cv32293898
32293574,207 天命石云曦,1286,16,33,0,0,1,0,0,https://www.bilibili.com/read/cv32293574
32291173,【高达SEED】two！two！hair！,3228,16,69,0,3,0,0,0,https://www.bilibili.com/read/cv32291173
32221620,颤栗诊所 S2 金天鹅俱乐部篇 持续更新中,7294,16,103,0,2,2,4,0,https://www.bilibili.com/read/cv32221620
32207692,《地狱这种烂地怎么可能没有科学社会主义呢》特别篇：人固有一死,1479,16,22,0,2,1,0,0,https://www.bilibili.com/read/cv32207692
32207380,2024年未定档剧场版动画已公布18部！,37405,16,324,0,6,1,0,0,https://www.bilibili.com/read/cv32207380
32202658,东方每日图649,1243,16,68,0,1,0,2,0,https://www.bilibili.com/read/cv32202658
32154269,BanG Dream! Girls band party! Visual Book Vol.4&5 5,7136,16,64,0,0,0,0,0,https://www.bilibili.com/read/cv32154269
32093622,BanG Dream! Girls band party! Visual Book Vol.3 上,1246,16,28,0,0,0,0,0,https://www.bilibili.com/read/cv32093622
32014596,【高清原画】二次元美少女(第048期)【转载搬运】,4077,16,165,0,2,0,2,0,https://www.bilibili.com/read/cv32014596
31935378,车万群奇奇怪怪的表情包 199,1030,16,42,0,3,1,3,0,https://www.bilibili.com/read/cv31935378
31900332,[桃子冰沙汉化组] 秦心在此！？,691,16,48,0,2,1,2,0,https://www.bilibili.com/read/cv31900332
31899092,[桃子冰沙汉化组] 无法说NO的爱丽丝小姐,563,16,37,0,0,0,1,0,https://www.bilibili.com/read/cv31899092
31745911,Overlord 美图分享,2783,16,62,0,7,1,0,0,https://www.bilibili.com/read/cv31745911
31726222,Pixiv每日推荐（日更）,4332,16,144,0,5,2,7,0,https://www.bilibili.com/read/cv31726222
31620656,《白熊咖啡厅》——“欢迎来了解我们的故事”,151429,16,1603,0,16,2,0,0,https://www.bilibili.com/read/cv31620656
31616914,今日千织,690,16,17,0,0,1,0,0,https://www.bilibili.com/read/cv31616914
31613667,猫猫虫表情包图片合集（6）,1381,16,28,0,3,1,0,0,https://www.bilibili.com/read/cv31613667
31526469,【碧蓝档案】美图系列［美游篇］（4）,1898,16,69,0,1,0,4,0,https://www.bilibili.com/read/cv31526469
31364162,TV动画『赛马娘 Season 3』接力采访③ 里见光钻役・立花日菜,907,16,16,0,0,2,1,0,https://www.bilibili.com/read/cv31364162
31355148,憧憬成为魔法少女（转载第十六话）,2145,16,16,0,1,0,0,0,https://www.bilibili.com/read/cv31355148
31345668,猫猫虫表情包图片合集（2）,1749,16,29,0,6,5,0,0,https://www.bilibili.com/read/cv31345668
31308816,番外·忍者祥子忙碌的情人节,850,16,25,0,5,1,0,0,https://www.bilibili.com/read/cv31308816
31297546,你的名字。｜高清壁纸｜高清头像（二）,596,16,13,0,0,0,0,0,https://www.bilibili.com/read/cv31297546
31297464,二次元图鉴 | 《崩坏星穹铁道》黑天鹅（壁纸美图·第607辑）,2808,16,36,0,0,2,0,0,https://www.bilibili.com/read/cv31297464
31279243,[岚珠生贺] 我要祝福天使（ハヤオキ/まっしぐら/ヒラシン等）,1018,16,56,0,2,3,4,0,https://www.bilibili.com/read/cv31279243
31246164,清晨恰最新鲜的小可爱1135期,4071,16,223,0,37,0,7,0,https://www.bilibili.com/read/cv31246164
31207405,弘幸Hiroyuki X 自动保存工作室 Live2D进阶课第二期开始招生啦！,2487,16,11,0,5,3,0,0,https://www.bilibili.com/read/cv31207405
31187837,二次元美女图片（1400）,4297,16,115,0,0,3,0,0,https://www.bilibili.com/read/cv31187837
31186973,二次元美女图片（1399）,4157,16,100,0,0,3,0,0,https://www.bilibili.com/read/cv31186973
32442576,未成年人退款诉讼的思路、风险和意向征集,4311,15,168,0,20,7,5,0,https://www.bilibili.com/read/cv32442576
32432677,清晨恰新鲜的小可爱【1153】,3024,15,155,1,13,1,10,0,https://www.bilibili.com/read/cv32432677
32403795,二次元美女图片（1413）,2241,15,86,0,0,1,0,0,https://www.bilibili.com/read/cv32403795
32335625,【碧蓝档案】美图系列（23）,1395,15,57,0,0,0,4,0,https://www.bilibili.com/read/cv32335625
32298819,红色恶魔的女仆P13——十六夜咲夜,1282,15,64,0,2,1,2,0,https://www.bilibili.com/read/cv32298819
32286334,SHF奥特之父终于来了！,79648,15,389,0,20,3,0,0,https://www.bilibili.com/read/cv32286334
32154260,BanG Dream! Girls band party! Visual Book Vol.4&5 4,1241,15,30,0,0,0,0,0,https://www.bilibili.com/read/cv32154260
32138790,【枝江娱乐的每月QA 02.27】,15689,15,489,0,175,7,2,0,https://www.bilibili.com/read/cv32138790
32127478,东方每日图648,1205,15,56,0,1,1,0,0,https://www.bilibili.com/read/cv32127478
32125665,水中的18号，壁纸放送【AI绘壁纸】,5236,15,82,0,7,0,0,0,https://www.bilibili.com/read/cv32125665
32124256,仙逆：为什么后来凤栾大美女逃离了战神殿？她最后结局如何了？,7993,15,13,0,21,0,4,0,https://www.bilibili.com/read/cv32124256
32093746,BanG Dream! Girls band party! Visual Book Vol.4&5 1,7682,15,67,0,0,0,2,0,https://www.bilibili.com/read/cv32093746
32052065,2024年10月新番已公布9部！,39577,15,328,0,2,1,0,0,https://www.bilibili.com/read/cv32052065
32008579,动漫壁纸(3),814,15,13,0,0,2,0,0,https://www.bilibili.com/read/cv32008579
31997754,加更的战队玩具开发者日志概要（2024.02.25）——超王者纪念性质数据卡登场！,3254,15,38,0,47,12,0,0,https://www.bilibili.com/read/cv31997754
31910514,《地缚少年花子君》第一百一十一话 时钟守护者审判④,1041,15,53,0,7,0,0,0,https://www.bilibili.com/read/cv31910514
31846207,萌系(×奇幻)动漫表情包补给站第五十六期——《憧憬成为魔法少女》new更新至第九集,1070,15,30,0,3,0,0,0,https://www.bilibili.com/read/cv31846207
31801736,Pixiv每日推荐（日更）,3804,15,135,0,4,1,6,0,https://www.bilibili.com/read/cv31801736
31709378,约尔结婚证件照 - -+ 写实版【AI绘壁纸】,6153,15,58,0,1,3,0,0,https://www.bilibili.com/read/cv31709378
31706095,清晨的新鲜小可爱1142期,3836,15,216,0,31,0,7,0,https://www.bilibili.com/read/cv31706095
31561118,MyGO!!!!!「彷徨する渇望」東京公演 官方返图,933,15,25,0,1,0,0,0,https://www.bilibili.com/read/cv31561118
31557179,东方每日图640,1405,15,69,0,1,0,0,0,https://www.bilibili.com/read/cv31557179
31422779,#作画漫谈# 025 享受动画的方式、啥是动画的好时代,966,15,51,0,1,1,4,0,https://www.bilibili.com/read/cv31422779
31346731,观后感:熊出没逆转时空——只有没看过熊的孩子们可能差评,6666,15,158,0,13,1,3,0,https://www.bilibili.com/read/cv31346731
31311419,东方每日图638,1635,15,71,0,1,0,0,0,https://www.bilibili.com/read/cv31311419
31268666,红色恶魔的女仆P12——十六夜咲夜,1783,15,63,0,2,0,0,0,https://www.bilibili.com/read/cv31268666
31225880,二次元美女图片（1402）,4184,15,104,0,0,2,0,0,https://www.bilibili.com/read/cv31225880
31206981,结束了，第九周票房429万，累计票房1.62亿人民币！,6352,15,116,0,34,0,0,0,https://www.bilibili.com/read/cv31206981
31184913,穆小泠12生肖收藏集图片，表情无损放大,1787,15,24,0,0,0,0,0,https://www.bilibili.com/read/cv31184913
31175666,漫画安利《与你编缀的泡沫  》,2396,15,37,0,11,1,2,0,https://www.bilibili.com/read/cv31175666
31149336,《高达0083》第2卷下,1165,15,14,0,0,0,0,0,https://www.bilibili.com/read/cv31149336
31109719,泳装/泳衣,1433,15,51,0,0,0,0,0,https://www.bilibili.com/read/cv31109719
31012294,人虎，告诉我你为何而战,129789,15,480,0,6,0,2,0,https://www.bilibili.com/read/cv31012294
32373628,傍晚恰新鲜的小可爱【1152】下,3373,14,175,0,16,1,13,0,https://www.bilibili.com/read/cv32373628
32321943,Pixiv每日推荐（日更）,3536,14,124,0,2,1,4,0,https://www.bilibili.com/read/cv32321943
32266473,猫猫虫表情包图片合集（14）,798,14,18,0,0,0,0,0,https://www.bilibili.com/read/cv32266473
32259085,小学生什么的最棒啦！(108),2068,14,67,0,0,0,0,0,https://www.bilibili.com/read/cv32259085
32216010,精彩纷呈，惊喜不断丨2023名柯主题曲总结,13355,14,125,0,6,1,0,0,https://www.bilibili.com/read/cv32216010
32197569,二次元图鉴 | 《崩坏星穹铁道》花火（壁纸美图·第620辑）,2060,14,42,0,0,0,2,0,https://www.bilibili.com/read/cv32197569
32117768,最美不过二次元【AI】,3496,14,102,0,3,2,2,0,https://www.bilibili.com/read/cv32117768
32093655,BanG Dream! Girls band party! Visual Book Vol.3 下,1042,14,28,0,0,0,2,0,https://www.bilibili.com/read/cv32093655
32073879,GIVEN被赠与的未来 番外篇（十年后）,107,14,14,0,0,0,0,0,https://www.bilibili.com/read/cv32073879
32072644,这个女团成员让我魂牵梦绕！,80580,14,305,0,3,2,0,0,https://www.bilibili.com/read/cv32072644
32049317,清晨的新鲜小可爱【1147】,4127,14,207,0,46,0,6,0,https://www.bilibili.com/read/cv32049317
32019150,【高清原画】二次元美少女(第049期)【转载搬运】,3692,14,160,0,1,0,1,0,https://www.bilibili.com/read/cv32019150
32018446,【高清4K】泳装美少女(第175期)【转载搬运】,3909,14,160,0,5,0,3,0,https://www.bilibili.com/read/cv32018446
32005165,高达SEED Freedom深度解析：KL同居一年多undo的原因竟然是,1094,14,14,0,16,2,0,0,https://www.bilibili.com/read/cv32005165
32004901,【碧蓝档案】美图系列［伊落玛丽篇］（2）,1686,14,61,0,0,0,4,0,https://www.bilibili.com/read/cv32004901
31996115,东方每日图645,1219,14,60,0,2,1,0,0,https://www.bilibili.com/read/cv31996115
31992818,猫猫虫表情包图片合集（10）,1043,14,22,0,4,0,0,0,https://www.bilibili.com/read/cv31992818
31939767,没有大电影的度量，就不要叫自己“大电影”了,3134,14,33,0,57,1,2,0,https://www.bilibili.com/read/cv31939767
31935102,为什么很多人讨厌斗罗大陆第二部的唐三？只因唐三做了这两件事,3157,14,5,0,14,0,0,0,https://www.bilibili.com/read/cv31935102
31899855,【灰烬汉化】机动战士高达 F90FF Prologue②,1008,14,54,0,1,3,4,0,https://www.bilibili.com/read/cv31899855
31824645,徐欣+姬如雪,942,14,27,0,0,0,2,0,https://www.bilibili.com/read/cv31824645
31820961,终极蜘蛛侠 002,535,14,18,0,3,1,1,0,https://www.bilibili.com/read/cv31820961
31790345,【百合向搬运】终于，只有我们彼此二人,1643,14,72,0,5,2,0,0,https://www.bilibili.com/read/cv31790345
31526395,清晨恰最新鲜的小可爱1140期,4397,14,233,0,32,0,9,0,https://www.bilibili.com/read/cv31526395
31457614,二次元图鉴 | 《原神》刻晴（壁纸美图·第611辑）,2291,14,45,0,0,1,0,0,https://www.bilibili.com/read/cv31457614
31421963,斗罗大陆2绝世唐门：唐三复活大明二明却被骂，只因为一个原因,3516,14,15,0,53,0,2,0,https://www.bilibili.com/read/cv31421963
31398260,（晚街与灯汉化）Boruto 青年篇 第7话 太阳的去向,736,14,47,0,13,1,10,0,https://www.bilibili.com/read/cv31398260
31352883,百炼成神 苏灵韵,955,14,28,0,0,0,0,0,https://www.bilibili.com/read/cv31352883
31312639,游泳对决,1170,14,47,0,4,0,0,0,https://www.bilibili.com/read/cv31312639
31269032,【中字】琴子的2024情人节ins问答（1）,43388,14,260,0,3,2,0,0,https://www.bilibili.com/read/cv31269032
31250265,海贼王1107话情报，黑胡子能吃两颗果实原因找到了，他有特殊血统,16337,14,25,0,44,0,4,0,https://www.bilibili.com/read/cv31250265
31223462,【暗杀】忍者神龟1987：周六清晨的大冒险v2·第五期【低清水印版】,1387,14,17,0,2,0,0,0,https://www.bilibili.com/read/cv31223462
31220582,《斗罗大陆》国漫顶级美女AI建模：梦红尘、朱竹清,786,14,18,0,0,0,0,0,https://www.bilibili.com/read/cv31220582
31177845,超级战队2003 恐龙战队之后再次以恐龙为主题 爆龙战队暴连者 设定集 日文原版,2845,14,35,0,0,0,0,0,https://www.bilibili.com/read/cv31177845
31082429,女仆装图片第二十一弹,2899,14,62,0,0,0,0,0,https://www.bilibili.com/read/cv31082429
32338124,结婚之后，你的一切就是我的啦!!请多多诱惑我!!,2005,13,43,0,1,0,0,0,https://www.bilibili.com/read/cv32338124
32293329,Aqours给淡岛海洋公园的留言,847,13,74,0,1,0,0,0,https://www.bilibili.com/read/cv32293329
32291957,与你相会的秋天 重制版 持续更新中,7713,13,73,0,1,0,0,0,https://www.bilibili.com/read/cv32291957
32289652,东方每日图650,1238,13,54,0,1,1,0,0,https://www.bilibili.com/read/cv32289652
32125814,猫猫虫表情包图片合集（12）,1031,13,25,0,6,0,0,0,https://www.bilibili.com/read/cv32125814
32058529,梦想成为魔法少女美图推荐,1183,13,31,0,0,0,0,0,https://www.bilibili.com/read/cv32058529
31998443,东方每日图646,1218,13,58,0,1,1,0,0,https://www.bilibili.com/read/cv31998443
31962219,怪诞小镇-神级同人-《Deal 》个人汉化 141~150,1105,13,13,0,0,0,0,0,https://www.bilibili.com/read/cv31962219
31891486,二次元图鉴 | 《崩坏星穹铁道》黑天鹅（壁纸美图·第615辑）,1775,13,36,0,0,0,0,0,https://www.bilibili.com/read/cv31891486
31825168,东方每日图643,1471,13,71,0,1,1,0,0,https://www.bilibili.com/read/cv31825168
31788390,高达，立于大地之上【AI绘壁纸】,8129,13,39,0,0,4,0,0,https://www.bilibili.com/read/cv31788390
31786226,清晨的新鲜小可爱[1143],3907,13,217,0,35,0,7,0,https://www.bilibili.com/read/cv31786226
31743289,【亚历山大图书馆汉化组】小书痴的下克上 第三部 第41话,4120,13,129,0,16,0,27,0,https://www.bilibili.com/read/cv31743289
31531077,斗破苍穹年番第84集一出再被骂，原因只有一个，网友纷纷要求重做,7736,13,20,0,31,0,4,0,https://www.bilibili.com/read/cv31531077
31418241,圣诞节,729,13,48,0,4,0,2,0,https://www.bilibili.com/read/cv31418241
31416006,【美漫汉化】神奇女侠V6 #5,1790,13,49,0,3,1,4,0,https://www.bilibili.com/read/cv31416006
31398706,超美丽!（865）,1162,13,28,0,0,0,0,0,https://www.bilibili.com/read/cv31398706
31269918,虹咲圣地巡礼——临海副都心篇（上）,211,13,15,0,1,0,3,0,https://www.bilibili.com/read/cv31269918
31269458,晚安，赛博风的明日香【AI绘壁纸】,6163,13,93,0,3,2,0,0,https://www.bilibili.com/read/cv31269458
31252267,派大星秀 第一季 台湾配音 (b站观看指南),199,13,6,0,1,1,4,0,https://www.bilibili.com/read/cv31252267
31226121,二次元横屏壁纸--40,2660,13,12,0,1,1,0,0,https://www.bilibili.com/read/cv31226121
31225312,内山昂辉×佐仓绫音 | 时间线梳理,653,13,19,0,9,0,3,0,https://www.bilibili.com/read/cv31225312
31205409,SOUND HOLIC是一个怎样的东方同人音乐社团?(上),108,13,20,0,4,3,7,0,https://www.bilibili.com/read/cv31205409
31179565,东方每日图635,1569,13,70,0,1,0,0,0,https://www.bilibili.com/read/cv31179565
31176852,2024年1月29日-2月4日日本动画销量情况,134130,13,649,0,67,6,4,0,https://www.bilibili.com/read/cv31176852
31120205,群友们的各种表情包【1074】,7240,13,134,0,2,0,2,0,https://www.bilibili.com/read/cv31120205
32437701,是纳西妲哟～(221),1821,12,68,0,0,1,3,0,https://www.bilibili.com/read/cv32437701
32405248,二次元美女图片（1414）,2447,12,89,0,0,1,0,0,https://www.bilibili.com/read/cv32405248
32373832,小学生什么的最棒啦！(110),2648,12,64,0,1,0,0,0,https://www.bilibili.com/read/cv32373832
32340150,《我的五个妻子和来自未来的孩子》全CG（CG-GAL-onomatope*03-20240301）,1219,12,34,0,1,0,0,0,https://www.bilibili.com/read/cv32340150
32338084,【MyGO!!!!!/官谱】5.詩超絆 读谱说明,667,12,27,0,1,0,4,0,https://www.bilibili.com/read/cv32338084
32337274,东方每日图651,1102,12,63,0,1,1,0,0,https://www.bilibili.com/read/cv32337274
32334001,[桃子冰沙汉化组] 姐姐恶作剧警告！,485,12,40,0,2,1,0,0,https://www.bilibili.com/read/cv32334001
32312384,小学生什么的最棒啦！(109),2348,12,69,0,2,0,1,0,https://www.bilibili.com/read/cv32312384
32287349,国漫女神｜《吞噬星空》盖娅AI全屏手机壁纸分享：来自外星球,445,12,15,0,1,0,0,0,https://www.bilibili.com/read/cv32287349
32175223,梦想成为魔法少女美图推荐,1077,12,15,0,3,0,0,0,https://www.bilibili.com/read/cv32175223
32167759,小学生什么的最棒啦！(107),1766,12,58,0,0,0,0,0,https://www.bilibili.com/read/cv32167759
32144670,完美世界 四美 谁是你的菜,734,12,25,0,0,0,0,0,https://www.bilibili.com/read/cv32144670
32082421,【机翻】Last Mission舞台问候repo,3564,12,69,0,2,0,0,0,https://www.bilibili.com/read/cv32082421
32062348,东方每日图647,1250,12,60,0,1,0,2,0,https://www.bilibili.com/read/cv32062348
32049801,小学生什么的最棒啦！(105),2257,12,62,0,3,0,0,0,https://www.bilibili.com/read/cv32049801
31937537,葬送的芙莉莲Q版表情图集（第二弹）,1178,12,18,0,1,1,2,0,https://www.bilibili.com/read/cv31937537
31893233,Pixiv每日推荐（日更）,3522,12,132,0,4,2,6,0,https://www.bilibili.com/read/cv31893233
31877400,千仞雪后代现身，实力曝光，两学院对阵，徐三石强势护妻,3015,12,7,0,2,0,0,0,https://www.bilibili.com/read/cv31877400
31841680,【自截／存档】《迷宫饭》——玛露西尔表情包＆头像（第八集）,879,12,21,0,5,1,5,0,https://www.bilibili.com/read/cv31841680
31816555,搬运一些Ins的小草美图（马娘&实马,807,12,29,0,14,1,0,0,https://www.bilibili.com/read/cv31816555
31790236,【碧蓝档案】美图系列（22）,1927,12,73,0,0,0,2,0,https://www.bilibili.com/read/cv31790236
31739994,《斗罗大陆II绝世唐门》国漫女神赏月AI手机壁纸：近战魂导师,399,12,16,0,1,0,1,0,https://www.bilibili.com/read/cv31739994
31641028,二次元图鉴 | 《崩坏星穹铁道》花火（壁纸美图·第614辑）,2538,12,39,0,0,0,0,0,https://www.bilibili.com/read/cv31641028
31634096,东方每日图641,1452,12,67,0,1,0,0,0,https://www.bilibili.com/read/cv31634096
31633859,二次元精美壁纸（403）——MyGO（5）,1779,12,28,0,0,0,0,0,https://www.bilibili.com/read/cv31633859
31609261,【冰室汉化组】MyGO同人漫画：餐厅里的偶遇,2596,12,59,0,2,0,0,0,https://www.bilibili.com/read/cv31609261
31566013,【投票】实时Aniplex番剧喜欢率排行Top50！[2月],62619,12,380,0,10,0,5,0,https://www.bilibili.com/read/cv31566013
31492504,《高达0083》第17卷上,1231,12,13,0,4,0,0,0,https://www.bilibili.com/read/cv31492504
31487900,《苍鹭与少年》制作人谈宫崎骏重出江湖的原因,353,12,20,0,0,4,4,0,https://www.bilibili.com/read/cv31487900
31478498,ratatatat74·巨魔与小盗贼的纯爱圣诞节（LC整合汉化组）,9522,12,186,0,7,1,0,0,https://www.bilibili.com/read/cv31478498
31470475,碧蓝档案图片第十六弹,2444,12,76,0,1,0,0,0,https://www.bilibili.com/read/cv31470475
31423088,完结吐槽！带刀的故事结尾，优秀中带有缺陷的国动新作《命运拳台》,1037,12,22,0,6,2,0,0,https://www.bilibili.com/read/cv31423088
31422634,【433期】中午来看超可爱的美少女合集,1362,12,43,0,1,1,0,0,https://www.bilibili.com/read/cv31422634
31416081,抹茶咖啡,577,12,45,0,4,0,0,0,https://www.bilibili.com/read/cv31416081
31366029,Pixiv每日精选（日更）,5119,12,175,0,5,1,1,0,https://www.bilibili.com/read/cv31366029
31306982,水星的魔女同人汉化 妇妻咬咬唇,1110,12,39,0,3,0,2,0,https://www.bilibili.com/read/cv31306982
31262999,二次元美图壁纸（201）,837,12,16,0,0,0,0,0,https://www.bilibili.com/read/cv31262999
31251290,MyGO!!!!!美图推荐,1980,12,31,0,1,1,0,0,https://www.bilibili.com/read/cv31251290
31216216,【汉化同人】是恋酱哦,1180,12,43,0,4,1,2,0,https://www.bilibili.com/read/cv31216216
31184993,《高达0083》第4卷下,1455,12,16,0,0,0,0,0,https://www.bilibili.com/read/cv31184993
31175346,《蜂蜜与四叶草》：人物塑造的最高成就，在于揭示细腻而复杂的情感世界,7862,12,78,0,8,0,3,0,https://www.bilibili.com/read/cv31175346
31118843,群友们的各种表情包【1073】,6963,12,126,1,1,0,2,0,https://www.bilibili.com/read/cv31118843
31048706,Pixiv美图壁纸排行 | 今日热图榜-24.2.12,3373,12,41,0,0,1,0,0,https://www.bilibili.com/read/cv31048706
32445086,Pixiv每日推荐（日更）,2434,11,87,0,1,2,0,0,https://www.bilibili.com/read/cv32445086
32386629,Pixiv每日推荐（日更）,3120,11,104,0,2,1,2,0,https://www.bilibili.com/read/cv32386629
32365152,【渣翻】SHINY COLORS 6thLIVE TOUR 公式パンフレット(大阪公演 ver.) ノクチル part,158,11,20,0,0,1,5,0,https://www.bilibili.com/read/cv32365152
32293426,206 紧身系,1458,11,42,0,0,2,0,0,https://www.bilibili.com/read/cv32293426
32203309,今天过生日的动漫角色！（2月29日）,56020,11,437,0,21,4,3,0,https://www.bilibili.com/read/cv32203309
32168870,早安，写实版的Saber【AI绘壁纸】,3949,11,90,0,4,0,0,0,https://www.bilibili.com/read/cv32168870
32144184,晚安，作个好梦【AI绘壁纸】,4038,11,80,0,0,0,0,0,https://www.bilibili.com/read/cv32144184
32114954,小学生什么的最棒啦！(106),2388,11,53,0,0,0,2,0,https://www.bilibili.com/read/cv32114954
32051474,早安，蕾姆【AI绘壁纸】,4636,11,93,0,2,0,0,0,https://www.bilibili.com/read/cv32051474
32009976,「白书27」将魂姬 贪婪 七宗罪 说明书 电子,27209,11,211,0,5,0,0,0,https://www.bilibili.com/read/cv32009976
31995730,【授权汉化】日奈的辣妹Peace（碧蓝档案）（琴吹大王）,3125,11,96,0,6,0,3,0,https://www.bilibili.com/read/cv31995730
31992391,早安，兰琪，但是半写实风【AI绘壁纸】,5217,11,55,0,5,0,0,0,https://www.bilibili.com/read/cv31992391
31985309,如月千早如何改变了她的生涯？声优今井麻美回顾人生的分歧点“29岁一度考虑隐退”,150,11,17,0,2,3,4,0,https://www.bilibili.com/read/cv31985309
31981255,【虹咲】#璃爱fes合同本⑧丨甜蜜而热烈（まるさく 老师）,680,11,36,0,3,12,1,0,https://www.bilibili.com/read/cv31981255
31965292,我的魅魔女友 20 汉化 连载再开！,9355,11,91,0,4,0,1,0,https://www.bilibili.com/read/cv31965292
31891817,二次元图鉴 | 《崩坏星穹铁道》流萤（壁纸美图·第616辑）,1888,11,42,0,0,0,0,0,https://www.bilibili.com/read/cv31891817
31746136,珍妮特 吞噬星空,993,11,20,0,2,0,0,0,https://www.bilibili.com/read/cv31746136
31744276,小拔作合体3,1826,11,43,0,3,0,0,0,https://www.bilibili.com/read/cv31744276
31744229,小拔作合集（2）,1930,11,40,0,1,0,0,0,https://www.bilibili.com/read/cv31744229
31744185,小拔作合集（1）,2326,11,41,0,4,0,0,0,https://www.bilibili.com/read/cv31744185
31736476,[芙莉莲同人漫]阿乌拉成为同伴的世界线14,1036,11,19,0,0,0,0,0,https://www.bilibili.com/read/cv31736476
31726824,东方每日图642,1443,11,59,0,1,1,0,0,https://www.bilibili.com/read/cv31726824
31683667,完全失望，值得1星（就冠以马三的名头来说）,3678,11,36,0,4,1,0,0,https://www.bilibili.com/read/cv31683667
31650868,月姬,797,11,23,0,2,2,0,0,https://www.bilibili.com/read/cv31650868
31637467,【喵玉汉化】东方醉蝶华 第48话 酒随方圆器 后篇,617,11,44,0,9,4,0,0,https://www.bilibili.com/read/cv31637467
31570251,Payton尚未的「平行多元女主角」第8回 （前篇）,2581,11,87,0,0,0,2,0,https://www.bilibili.com/read/cv31570251
31547463,2024年10月新番已公布8部！,38775,11,337,0,10,3,0,0,https://www.bilibili.com/read/cv31547463
31544757,大佬，您里面请,2299,11,81,0,1,0,0,0,https://www.bilibili.com/read/cv31544757
31487468,Pixiv每日推荐（日更）,4729,11,134,0,7,1,4,0,https://www.bilibili.com/read/cv31487468
31419084,废土骑士，回归！【AI绘壁纸】,6469,11,40,0,1,1,0,0,https://www.bilibili.com/read/cv31419084
31418665,高达壁纸第一百七十三期,1313,11,43,0,0,0,2,0,https://www.bilibili.com/read/cv31418665
31416023,大和赤骥君,725,11,46,0,0,0,0,0,https://www.bilibili.com/read/cv31416023
31408985,黑丝图片第十九弹,2473,11,77,0,1,0,0,0,https://www.bilibili.com/read/cv31408985
31408663,JK图片第三十弹,2405,11,76,0,0,0,0,0,https://www.bilibili.com/read/cv31408663
31365483,【汉化分享第15期】奥特曼 巴拉吉,1928,11,45,0,1,1,0,0,https://www.bilibili.com/read/cv31365483
31355433,Downvote像素动图(87),1503,11,14,0,0,1,2,0,https://www.bilibili.com/read/cv31355433
31355043,葬送的芙莉莲美图推荐,2432,11,30,0,2,0,2,0,https://www.bilibili.com/read/cv31355043
31298524,当奥特曼与自己TV的经典敌役融合-赤之章（2）,6905,11,74,0,5,0,0,0,https://www.bilibili.com/read/cv31298524
31298408,虹咲圣地巡礼——概括篇,232,11,22,0,5,1,6,0,https://www.bilibili.com/read/cv31298408
31268588,我心里危险的东西第二季1~6集GIF图片,3087,11,32,0,0,1,0,0,https://www.bilibili.com/read/cv31268588
31247401,少女与战车硬式战车道-2（完全汉化版！！！）,383,11,12,0,5,1,1,0,https://www.bilibili.com/read/cv31247401
31244253,美丽可爱的原神少女谁不喜欢呢？（86）,1805,11,62,0,1,0,4,0,https://www.bilibili.com/read/cv31244253
31224030,今天过生日的动漫角色！（2月14日）,62698,11,469,0,40,3,1,0,https://www.bilibili.com/read/cv31224030
31218218,高达Gundam ACE 22年8月 创刊21周年 库库鲁斯·杜安之岛 映画附录纪念 日文原版,3258,11,49,0,2,0,0,0,https://www.bilibili.com/read/cv31218218
31210333,东方每日图636,1747,11,67,0,1,0,0,0,https://www.bilibili.com/read/cv31210333
31186172,二次元美女图片（1397）,3279,11,96,0,0,2,0,0,https://www.bilibili.com/read/cv31186172
31185183,《高达0083》第5卷上,1462,11,16,0,2,0,0,0,https://www.bilibili.com/read/cv31185183
31184904,二次元图鉴 | 《原神》申鹤·冷花幽露（壁纸美图·第603辑）,2330,11,32,0,0,2,0,0,https://www.bilibili.com/read/cv31184904
31184690,《高达0083》第3卷下,1139,11,14,0,0,0,0,0,https://www.bilibili.com/read/cv31184690
31180923,【美丽的二次元少女谁不喜欢呢？】第二弹（309）,2114,11,64,0,0,0,4,0,https://www.bilibili.com/read/cv31180923
31168772,岬奈子（Nako）SNS中文翻译+美图2024年02月,4642,11,110,0,1,1,0,0,https://www.bilibili.com/read/cv31168772
31168384,新角色堂堂登场！狛神酱(77-80+新人物介绍）呀！要专心为社团做事！,3899,11,51,0,2,0,2,0,https://www.bilibili.com/read/cv31168384
31145628,【汉化】漫画『卡比兽的梦想美食』04话,134688,11,514,0,2,1,1,0,https://www.bilibili.com/read/cv31145628
32379455,［赛马娘怪文书］病娇与重人场,327,10,11,0,3,0,0,0,https://www.bilibili.com/read/cv32379455
32341774,别当欧尼酱了（转载第七十五话）,870,10,18,0,3,0,0,0,https://www.bilibili.com/read/cv32341774
32326385,(熟肉)想让“我爱你”游戏快点结束番外篇 EXTRA GAME7 幼なじみは報告する,1717,10,69,0,13,0,15,0,https://www.bilibili.com/read/cv32326385
32294195,【赛马娘漫画】40年前的今天，鲁道夫象征“喜提负重”（原型马&整活向）,420,10,28,0,13,0,1,0,https://www.bilibili.com/read/cv32294195
32267057,早安+午安，半写实风罗宾【AI绘壁纸】,3226,10,84,0,3,0,0,0,https://www.bilibili.com/read/cv32267057
32261486,贝贝觉醒黄金圣龙，霍雨浩连跨几级对战魂宗，王冬首秀昊天锤,1783,10,8,0,1,0,0,0,https://www.bilibili.com/read/cv32261486
32220676,颤栗诊所 S2 1-3 汉化,8156,10,128,0,8,2,1,0,https://www.bilibili.com/read/cv32220676
32215935,美好的东西，从来不怕慢！,2906,10,78,0,2,0,1,0,https://www.bilibili.com/read/cv32215935
32209800,美丽可爱的原神少女谁不喜欢呢？（88）,1722,10,56,0,0,0,2,0,https://www.bilibili.com/read/cv32209800
32209286,吞噬星空姬青AI手机壁纸：是拥有三重领域的恒星级精英御姐,534,10,24,0,0,0,0,0,https://www.bilibili.com/read/cv32209286
32194414,【投票】实时异世界番认可率投票排行！[2月],60282,10,353,0,7,0,0,0,https://www.bilibili.com/read/cv32194414
32167740,约会计划（868）,763,10,26,0,1,0,0,0,https://www.bilibili.com/read/cv32167740
32144709,被长大后的学生求婚 8,2021,10,37,0,6,0,0,0,https://www.bilibili.com/read/cv32144709
32140267,这样的娜美，才是我的心头好！,72339,10,266,0,6,1,2,0,https://www.bilibili.com/read/cv32140267
32140076,[AOZ] 店长的沃特希普小解vol.1Lapine（3）,211,10,11,0,0,4,3,0,https://www.bilibili.com/read/cv32140076
32071912,想得太多会毁了你,1646,10,59,0,22,0,0,0,https://www.bilibili.com/read/cv32071912
32059753,【冰室汉化组】MyGO同人漫画：变成小孩子的爱音(2),2608,10,54,0,1,2,0,0,https://www.bilibili.com/read/cv32059753
32013701,[二次元好图]第DCLXXXIV期,1019,10,56,0,1,0,0,0,https://www.bilibili.com/read/cv32013701
32011900,2024年2月12日-2月18日日本动画销量情况,118778,10,572,0,15,1,0,0,https://www.bilibili.com/read/cv32011900
32006651,今日份好图,1083,10,33,0,2,0,0,0,https://www.bilibili.com/read/cv32006651
31996374,午安，水中的王【AI绘壁纸】,5120,10,107,0,1,0,0,0,https://www.bilibili.com/read/cv31996374
31991026,玛露希尔的美图来了，大家一起来看看吧！,446,10,8,0,0,1,0,0,https://www.bilibili.com/read/cv31991026
31962322,【438期】下午来看超可爱的美少女合集,1344,10,44,0,1,1,0,0,https://www.bilibili.com/read/cv31962322
31935249,【百合向搬运】猫猫想要抱抱——喵～～,2352,10,69,0,6,1,0,0,https://www.bilibili.com/read/cv31935249
31903670,【美漫汉化】神奇女侠V6 #6,2057,10,56,0,5,2,3,0,https://www.bilibili.com/read/cv31903670
31901442,【霹雳会刊342期】新月族铃星宗部分+其他角色写真,2207,10,21,0,8,0,0,0,https://www.bilibili.com/read/cv31901442
31899009,东方每日图644,1218,10,55,0,1,0,0,0,https://www.bilibili.com/read/cv31899009
31829179,2024年未定档剧场版动画已公布17部！,35976,10,307,0,5,1,0,0,https://www.bilibili.com/read/cv31829179
31819865,小拔作合集6,2013,10,33,0,6,0,0,0,https://www.bilibili.com/read/cv31819865
31809513,Overlord 美图分享《绝死绝命》19.0版,2388,10,44,0,7,0,2,0,https://www.bilibili.com/read/cv31809513
31796750,猫猫虫表情包图片合集（8）,1268,10,20,0,4,4,0,0,https://www.bilibili.com/read/cv31796750
31794830,ai国漫美女壁纸：西方古典风,518,10,12,0,2,0,0,0,https://www.bilibili.com/read/cv31794830
31755165,太阳温暖天边彩霞，也温暖了你,3337,10,69,0,0,1,0,0,https://www.bilibili.com/read/cv31755165
31745033,二次元精美壁纸（404）——碧蓝档案（宇泽玲纱）,1823,10,26,0,1,0,0,0,https://www.bilibili.com/read/cv31745033
31707519,这是关于少女Iris的故事,3004,10,77,0,16,0,0,0,https://www.bilibili.com/read/cv31707519
31703364,本周的战队玩具开发者日志概要（2024.02.20）——纪念版王者圣剑试作品介绍！,3919,10,35,0,9,4,0,0,https://www.bilibili.com/read/cv31703364
31689912,美丽可爱的原神少女谁不喜欢呢？（87）,1737,10,60,0,0,1,2,0,https://www.bilibili.com/read/cv31689912
31652516,今天过生日的动漫角色！（2月21日）,53513,10,448,0,33,5,3,0,https://www.bilibili.com/read/cv31652516
31630232,"Payton尚未的「平行多元女主角」第8回
 （中篇）",2137,10,59,0,3,0,3,0,https://www.bilibili.com/read/cv31630232
31624070,【赛马娘】【生肉】黄金船官方漫画第十一话 ウマ娘 ピスピススピスピ ゴルシちゃん,1134,10,16,0,1,2,0,0,https://www.bilibili.com/read/cv31624070
31559427,"超级战队2004 首次以警察作为主题的星云奖战队 
特搜战队刑事连者 设定集 日文原版",2766,10,42,0,3,1,0,0,https://www.bilibili.com/read/cv31559427
31489458,向使魔的魔力（巧克力）屈服的东商,749,10,54,0,3,0,0,0,https://www.bilibili.com/read/cv31489458
31485742,群友们的各种表情包【1086】,5604,10,121,0,2,0,1,0,https://www.bilibili.com/read/cv31485742
31483200,【魔卡同人汉化】Virginal,1280,10,31,0,0,0,3,0,https://www.bilibili.com/read/cv31483200
31482614,东方每日图639,1536,10,72,0,1,0,0,0,https://www.bilibili.com/read/cv31482614
31481881,2024年2月5日-2月11日日本动画销量情况,120300,10,572,0,23,0,3,0,https://www.bilibili.com/read/cv31481881
31478407,个人收集的一些《东方project》露米娅表情包,1134,10,57,0,2,4,2,0,https://www.bilibili.com/read/cv31478407
31421589,中午来看超可爱的美少女壁纸合集【430】,1369,10,48,0,4,0,0,0,https://www.bilibili.com/read/cv31421589
31399674,罗峰贵人出现，境界曝光，背景好大，只用一句话就吓退诺岚山老祖,3122,10,7,0,6,0,0,0,https://www.bilibili.com/read/cv31399674
31369965,晚安，可爱的双马尾眼镜娘【AI绘壁纸】,5569,10,48,0,0,1,0,0,https://www.bilibili.com/read/cv31369965
31360642,【个人汉化】露出导演 62话前篇,1715,10,35,0,7,0,4,0,https://www.bilibili.com/read/cv31360642
31346706,Pixiv每日精选（日更）,4833,10,170,0,20,2,5,0,https://www.bilibili.com/read/cv31346706
31299925,未麻的部屋 电影设定集,688,10,10,0,0,2,0,0,https://www.bilibili.com/read/cv31299925
31296284,魔法禁书目录 动画设定集（色指定）,874,10,8,0,1,0,2,0,https://www.bilibili.com/read/cv31296284
31276956,【中字】琴子的2024情人节ins问答（2）,52247,10,261,0,3,0,2,0,https://www.bilibili.com/read/cv31276956
31270468,光之美少女2019夏季同人志漫画 晄暗夜想曲,331,10,15,0,0,1,0,0,https://www.bilibili.com/read/cv31270468
31265038,今天过生日的动漫角色！（2月15日）,66383,10,452,0,22,1,3,0,https://www.bilibili.com/read/cv31265038
31257668,【冰室汉化组】MyGO同人漫画：我，毋惧死亡,2624,10,79,0,1,1,2,0,https://www.bilibili.com/read/cv31257668
31249454,《奥特赛文OV》系列的时间线是多少？,318,10,14,0,0,0,0,0,https://www.bilibili.com/read/cv31249454
31218104,Gundam MS Bible 高达MS圣经 SEED外传人物物篇 MBF-P02 驾驶员 罗·裘尔 日文原版,2529,10,34,0,1,0,0,0,https://www.bilibili.com/read/cv31218104
31206581,"我即是你的""朋友""也是你的""女朋友""哦，所以你不需要其他人",3536,10,43,0,1,0,1,0,https://www.bilibili.com/read/cv31206581
31180860,【变形金刚元祖漫画】 第45期 劫后余生（Marvel UK#98）,802,10,25,0,1,0,2,0,https://www.bilibili.com/read/cv31180860
31172640,大佬，您来一下,2598,10,89,0,0,0,0,0,https://www.bilibili.com/read/cv31172640
31149441,《高达0083》第3卷上,1258,10,17,0,0,0,0,0,https://www.bilibili.com/read/cv31149441
31148339,收视率第一！《长安三万里》李白登上龙年春晚！尼格买提”穿帮”，看动画片的我们。。,61347,10,208,0,4,0,0,0,https://www.bilibili.com/read/cv31148339
31147500,二家本辰巳：光与暗的对决,946,10,13,0,1,0,2,0,https://www.bilibili.com/read/cv31147500
31109377,死库水/学生泳装第六弹,2876,10,74,0,2,0,0,0,https://www.bilibili.com/read/cv31109377
31008716,身材好的小姐姐 第九弹,3076,10,70,0,1,0,0,0,https://www.bilibili.com/read/cv31008716
32406300,今天过生日的动漫角色！（3月3日）,42570,9,344,0,28,3,1,0,https://www.bilibili.com/read/cv32406300
32375216,魔族第三柱魔神登场，能预言未来，但却因一事毅然选择背叛魔神皇,1783,9,8,0,1,0,2,0,https://www.bilibili.com/read/cv32375216
32374084,次元幻想～（869）,706,9,26,0,1,0,1,0,https://www.bilibili.com/read/cv32374084
32349774,晚安，布尔玛阿姨，但是半写实风【AI绘制壁纸】,4549,9,57,0,3,0,0,0,https://www.bilibili.com/read/cv32349774
32333719,憧憬成为魔法少女（转载第二十六话）,1321,9,18,0,3,0,0,0,https://www.bilibili.com/read/cv32333719
32318750,【个人/机翻】机动战士高达人狼行动,211,9,9,0,2,0,4,0,https://www.bilibili.com/read/cv32318750
32295510,收藏滴东方Project954弹,1172,9,52,0,3,0,5,0,https://www.bilibili.com/read/cv32295510
32288074,小医仙AI手机壁纸分享：戏份甚至碾压熏儿，却沦为配角结局,329,9,13,0,0,0,0,0,https://www.bilibili.com/read/cv32288074
32179624,【LL同人授权汉化·虹】05. Request for U（作者：Hoenn老师）,1383,9,65,0,2,0,3,0,https://www.bilibili.com/read/cv32179624
32133583,Gundam MS Bible 高达MS圣经 高达00+人物篇 GNT-0000 驾驶员 刹那·F·清英 日文原版,2401,9,37,0,0,0,0,0,https://www.bilibili.com/read/cv32133583
32132434,高达Gundam ACE 22年10月 普利策 追寻阿姆罗的足迹向着极光的彼方 日文原版,2816,9,50,0,0,0,0,0,https://www.bilibili.com/read/cv32132434
32131677,嘉然2024年生日主题二创征集活动,14267,9,578,0,35,3,1,0,https://www.bilibili.com/read/cv32131677
32117070,【投票】实时纯爱番认可率投票排行！[2月],61406,9,361,0,6,0,2,0,https://www.bilibili.com/read/cv32117070
32105951,本周的战队玩具开发者日志概要（2024.02.26）——纪念版龙咬左轮玩法大追加！,3197,9,37,0,20,6,0,0,https://www.bilibili.com/read/cv32105951
32097288,【444期】清晨来看超可爱的美少女合集,861,9,27,0,0,0,0,0,https://www.bilibili.com/read/cv32097288
32080555,【441期】清晨来看超可爱的美少女合集,1166,9,35,0,3,1,0,0,https://www.bilibili.com/read/cv32080555
32077706,晚安，酒吞，但是半写实风【AI绘壁纸】,4572,9,75,0,6,0,0,0,https://www.bilibili.com/read/cv32077706
32076516,碧蓝档案——【打工战士】锭前纱织,668,9,16,0,0,0,0,0,https://www.bilibili.com/read/cv32076516
32075470,梅娅·S·艾菲梅拉尔 专场少女萌图,1488,9,32,0,14,0,0,0,https://www.bilibili.com/read/cv32075470
32074623,被长大后的学生求婚 7,1116,9,23,0,1,0,0,0,https://www.bilibili.com/read/cv32074623
32059906,二次元图鉴 | 《原神》琳妮特（壁纸美图·第618辑）,1535,9,34,0,0,0,0,0,https://www.bilibili.com/read/cv32059906
32059156,【孤独摇滚/官谱】12.星座になれたら 若成为星座,840,9,25,0,7,0,2,0,https://www.bilibili.com/read/cv32059156
32012987,【冰室汉化组】BanG Dream!同人漫画：她仍活着,2297,9,56,0,5,1,0,0,https://www.bilibili.com/read/cv32012987
32003834,秦怡宁：云曦，我看你和小石很般配,667,9,17,0,0,0,0,0,https://www.bilibili.com/read/cv32003834
31997605,日向雏田，写实版【AI绘壁纸】,5380,9,67,0,2,0,0,0,https://www.bilibili.com/read/cv31997605
31955027,【合作汉化】神滨☆戏画 家宅搜索篇,181,9,21,0,4,1,0,0,https://www.bilibili.com/read/cv31955027
31946429,白丝图片第八弹,2132,9,75,0,2,0,0,0,https://www.bilibili.com/read/cv31946429
31944502,【渣翻】警察老师的Mygo!!!!!漫画①,4955,9,90,0,3,1,0,0,https://www.bilibili.com/read/cv31944502
31938289,迷宫饭美图推荐,1090,9,17,0,0,0,0,0,https://www.bilibili.com/read/cv31938289
31904378,《紫灵·凡人修仙传》（四）动漫原图8K修复壁纸,469,9,9,0,0,0,0,0,https://www.bilibili.com/read/cv31904378
31904185,每日AI图：云曦最近很少登场，但却被很多人牵挂,615,9,17,0,0,0,0,0,https://www.bilibili.com/read/cv31904185
31897140,身材好的小姐姐 第十弹,2172,9,71,0,0,0,0,0,https://www.bilibili.com/read/cv31897140
31889871,【漫画】《斫去荣华》第八话.最终回,1496,9,57,0,27,0,7,0,https://www.bilibili.com/read/cv31889871
31816741,四月是你的谎言绝美壁纸合集160张【横屏+竖屏】（上）,170,9,12,0,4,0,0,0,https://www.bilibili.com/read/cv31816741
31787538,她真的好小只(20),2879,9,60,0,6,0,0,0,https://www.bilibili.com/read/cv31787538
31737263,水星的魔女同人汉化 这里也很软,817,9,37,0,1,0,0,0,https://www.bilibili.com/read/cv31737263
31726463,大佬，大佬，请留步,2318,9,82,0,0,0,0,0,https://www.bilibili.com/read/cv31726463
31726273,ai柳眉李慕婉壁纸,532,9,11,0,0,1,0,0,https://www.bilibili.com/read/cv31726273
31707749,她真的好小只(19),3395,9,73,0,5,1,0,0,https://www.bilibili.com/read/cv31707749
31692769,【美漫汉化】正义联盟VS哥斯拉VS金刚 #5,2074,9,43,0,10,1,0,0,https://www.bilibili.com/read/cv31692769
31638736,专访动漫歌手奥井雅美： 从歌谣曲唱到动漫歌曲,2521,9,98,0,7,0,8,0,https://www.bilibili.com/read/cv31638736
31492211,《高达0083》第16卷下,1057,9,13,0,0,0,0,0,https://www.bilibili.com/read/cv31492211
31487069,DD日报的感谢信,8548,9,299,0,51,3,3,0,https://www.bilibili.com/read/cv31487069
31464129,今日妮露,368,9,11,0,0,0,0,0,https://www.bilibili.com/read/cv31464129
31458990,猫猫虫表情包图片合集（4）,1399,9,25,0,2,2,0,0,https://www.bilibili.com/read/cv31458990
31439660,【番茄园汉化】2023年週刊文春エンタ+ 大特集《水星的魔女》访谈,128,9,14,0,0,1,11,0,https://www.bilibili.com/read/cv31439660
31430848,实验笔记：MMD的场景效果应用,857,9,30,0,3,0,5,0,https://www.bilibili.com/read/cv31430848
31425386,群友们的各种表情包【1085】,5163,9,121,0,1,0,0,0,https://www.bilibili.com/read/cv31425386
31408397,诶多……我是来自M76星云的安心爱！多多指教喵！,6178,9,153,0,25,0,8,0,https://www.bilibili.com/read/cv31408397
31399989,【MyGO!!!!!/官谱】4.碧天伴走 读谱说明,1102,9,24,0,6,0,0,0,https://www.bilibili.com/read/cv31399989
31378091,东方Project946弹,1217,9,69,0,4,0,3,0,https://www.bilibili.com/read/cv31378091
31356033,半写实绫波丽【AI绘壁纸】,5874,9,44,0,2,2,0,0,https://www.bilibili.com/read/cv31356033
31351202,下午来看超可爱的美少女壁纸合集【428】,1086,9,38,0,1,0,0,0,https://www.bilibili.com/read/cv31351202
31349560,早安，粉发的大姐姐【AI绘壁纸】,4983,9,46,0,0,1,0,0,https://www.bilibili.com/read/cv31349560
31307080,水星的魔女同人汉化 魔术师狸猫,927,9,40,0,2,0,2,0,https://www.bilibili.com/read/cv31307080
31305802,【晓晨汉化组】【LoveLive!】中音ナタ短篇：《[新春]lovelive四格漫200张耐久》,982,9,48,0,0,1,0,0,https://www.bilibili.com/read/cv31305802
31288333,我心里危险的东西 僕の心のヤバいやつ 第二季op 日文以及罗马字对照,321,9,9,0,0,0,2,0,https://www.bilibili.com/read/cv31288333
31266701,凤小七·山海凤吟收藏集图片，表情无损放大,1989,9,24,0,2,1,0,0,https://www.bilibili.com/read/cv31266701
31262012,东方每日图637,1585,9,72,0,1,0,0,0,https://www.bilibili.com/read/cv31262012
31236296,二次元图鉴 | 《原神》芙宁娜（壁纸美图·第606辑）,2330,9,36,0,0,0,0,0,https://www.bilibili.com/read/cv31236296
31223263,布莱泽奥特曼大电影确认引进国内！,960,9,16,0,0,1,0,0,https://www.bilibili.com/read/cv31223263
31222461,【汉化同人】Starlet,1294,9,36,0,1,1,3,0,https://www.bilibili.com/read/cv31222461
31217432,赛罗之前的有关光之国的奥特曼的故事均发生在同一个宇宙的同一个地球,360,9,14,0,0,1,0,0,https://www.bilibili.com/read/cv31217432
31206230,【孤独摇滚/官谱】11.忘れてやらない 绝不会忘记,1102,9,13,0,1,0,0,0,https://www.bilibili.com/read/cv31206230
31203472,【世界计划】美图系列（10）,1992,9,54,0,0,0,2,0,https://www.bilibili.com/read/cv31203472
31182193,[二次元好图]第DCLXXXI期,1374,9,57,0,1,0,0,0,https://www.bilibili.com/read/cv31182193
31179453,二次元图片福利【第六十五期！】葬送的芙莉莲！！！,782,9,18,0,0,0,0,0,https://www.bilibili.com/read/cv31179453
31177854,【LL同人授权汉化·虹】与小霞共度的特别之日（作者：Hoenn老师）,1418,9,67,0,5,1,1,0,https://www.bilibili.com/read/cv31177854
31159026,群友们的各种表情包【1075】,6676,9,140,0,1,0,4,0,https://www.bilibili.com/read/cv31159026
31149251,《高达0083》第2卷上,1102,9,13,0,0,0,0,0,https://www.bilibili.com/read/cv31149251
31143845,动漫壁纸(3),355,9,6,0,0,0,0,0,https://www.bilibili.com/read/cv31143845
31142534,今日申鹤,664,9,10,0,0,0,0,0,https://www.bilibili.com/read/cv31142534
31082575,黑丝图片,1352,9,43,0,1,0,0,0,https://www.bilibili.com/read/cv31082575
32402995,星野怜收藏集图片，表情无损放大,2098,8,35,0,1,0,0,0,https://www.bilibili.com/read/cv32402995
32385336,算法时代网络亚文化“出圈”中的权力重塑与大众逃离——浅析网络亚文化中“警察”症,164,8,8,0,5,0,3,0,https://www.bilibili.com/read/cv32385336
32375203,完美世界：因为清漪一句话导演再被骂，网友纷纷直言赶紧去修改,2987,8,8,0,3,0,0,0,https://www.bilibili.com/read/cv32375203
32347811,#作画漫谈# 027 蓝色恐惧与Stop！云雀君,774,8,32,0,0,0,0,0,https://www.bilibili.com/read/cv32347811
32277611,Pixiv每日推荐（日更）,3394,8,121,0,2,1,2,0,https://www.bilibili.com/read/cv32277611
32252127,Liella!官方漫画——《小千部长是能干的说》单行本1卷,245,8,19,0,2,0,0,0,https://www.bilibili.com/read/cv32252127
32218394,Winter Moon 冬月 S5 29 汉化,7738,8,68,0,5,0,0,0,https://www.bilibili.com/read/cv32218394
32218004,收藏滴东方Project953弹,1197,8,59,0,1,1,3,0,https://www.bilibili.com/read/cv32218004
32201096,二次元图鉴 | 《崩坏星穹铁道》黄泉（壁纸美图·第621辑）,1743,8,34,0,1,0,0,0,https://www.bilibili.com/read/cv32201096
32198609,為什麼地獄客棧第一季的劇情大多都是負面評論？,854,8,15,0,4,0,0,0,https://www.bilibili.com/read/cv32198609
32184624,Pixiv每日推荐（日更）,3638,8,131,0,4,2,3,0,https://www.bilibili.com/read/cv32184624
32151601,收藏滴东方Project952弹,1168,8,53,0,1,0,3,0,https://www.bilibili.com/read/cv32151601
32139996,人生没有标准答案，珍惜当下永远是最优解,1539,8,58,0,10,0,2,0,https://www.bilibili.com/read/cv32139996
32128381,Pixiv每日推荐（日更）,3853,8,132,0,1,0,0,0,https://www.bilibili.com/read/cv32128381
32090439,【世界计划】美图系列（12）,1584,8,51,0,0,0,2,0,https://www.bilibili.com/read/cv32090439
32030689,她们来了～（867）,794,8,24,0,0,0,0,0,https://www.bilibili.com/read/cv32030689
32008545,超级战队2005 首次以魔法为主题 MagiRanger 魔法战队魔法连者 设定集 日文原版,2809,8,44,0,1,1,0,0,https://www.bilibili.com/read/cv32008545
32004899,《小书痴》初次朗读剧与豪华声优共同举办！“《小书痴的下克上》朗读活动2024”,2107,8,55,0,7,1,9,0,https://www.bilibili.com/read/cv32004899
31990380,【美丽的二次元少女谁不喜欢呢？】第二弹（310）,1835,8,62,0,1,0,4,0,https://www.bilibili.com/read/cv31990380
31965278,东方Project950弹,988,8,55,0,1,1,1,0,https://www.bilibili.com/read/cv31965278
31960479,今日份好图,1249,8,36,0,2,1,0,0,https://www.bilibili.com/read/cv31960479
31943900,迈向光年距离的第一步 - 星灵感应完结简析（完）,4364,8,116,0,8,1,0,0,https://www.bilibili.com/read/cv31943900
31934289,二次元图鉴 | 《原神》八重神子（壁纸美图·第617辑）,1796,8,31,0,0,0,0,0,https://www.bilibili.com/read/cv31934289
31906262,晚安，死神宇宙的蕾姆【AI绘壁纸】,5550,8,32,0,2,0,0,0,https://www.bilibili.com/read/cv31906262
31891361,Pixiv美图壁纸排行 | 今日热图榜-24.2.24,1740,8,43,0,0,1,0,0,https://www.bilibili.com/read/cv31891361
31878538,为什么很多人不希望动漫做成年番？斗破就是例子，做不好不如不做,1611,8,7,0,13,0,0,0,https://www.bilibili.com/read/cv31878538
31875746,早安，写实版布罗利壁纸放送【AI绘壁纸】,6501,8,38,0,1,0,0,0,https://www.bilibili.com/read/cv31875746
31844797,【个人汉化】露出导演 62话后篇,1558,8,26,0,11,0,4,0,https://www.bilibili.com/read/cv31844797
31814947,【机动战士高达SEED FREEDOM】看看这，妥妥的给正义准备的“马甲”,876,8,15,0,0,0,0,0,https://www.bilibili.com/read/cv31814947
31814841,《斗破苍穹》小医仙AI手机壁纸：从平凡医者化身天毒女,331,8,14,0,0,0,0,0,https://www.bilibili.com/read/cv31814841
31793970,群友们的各种表情包【1090】,4297,8,103,0,2,0,0,0,https://www.bilibili.com/read/cv31793970
31793246,mygo!!!!!美图推荐（补图）,1153,8,13,0,0,0,0,0,https://www.bilibili.com/read/cv31793246
31789307,鱼子少汉化《悬疑故事》#39,2133,8,52,0,4,0,2,0,https://www.bilibili.com/read/cv31789307
31656930,天使猫猫酱装扮表情无损放大，头图，加载动画，点赞动画,2512,8,38,0,0,0,0,0,https://www.bilibili.com/read/cv31656930
31652811,[二次元好图]第DCLXXXIII期,1109,8,59,0,1,0,0,0,https://www.bilibili.com/read/cv31652811
31627338,大佬，请留步,2335,8,85,0,1,0,0,0,https://www.bilibili.com/read/cv31627338
31613601,一起....（866）,1036,8,21,0,4,0,1,0,https://www.bilibili.com/read/cv31613601
31570070,怪诞小镇-神级同人-《Deal 》个人汉化 131~140,1231,8,19,0,0,0,0,0,https://www.bilibili.com/read/cv31570070
31537509,【百合向搬运】BangDream冰川双子同人漫画——姐姐，最喜欢你了！！,2090,8,80,0,4,2,1,0,https://www.bilibili.com/read/cv31537509
31534565,又一国漫大作宣布做成不断更年番，比凡人修仙传还要火！,7338,8,12,0,188,1,2,0,https://www.bilibili.com/read/cv31534565
31493016,【435期】清晨来看超可爱的美少女合集吖,1274,8,40,0,5,0,0,0,https://www.bilibili.com/read/cv31493016
31491740,【434期】中午来看超可爱的美少女合集吧,1189,8,42,0,1,0,0,0,https://www.bilibili.com/read/cv31491740
31480464,一个班级一个后宫，总有那么几个人在争宠,1688,8,64,0,20,0,5,0,https://www.bilibili.com/read/cv31480464
31477689,奇宝漫展持有物检查,778,8,45,0,5,0,0,0,https://www.bilibili.com/read/cv31477689
31468037,Pixiv每日精选（日更）,4374,8,144,0,3,2,0,0,https://www.bilibili.com/read/cv31468037
31421920,早上来看超可爱的美少女壁纸合集【431】,1292,8,47,0,0,1,0,0,https://www.bilibili.com/read/cv31421920
31420875,【投票】实时搞笑番认可率投票排行！[2月],63618,8,375,0,11,1,0,0,https://www.bilibili.com/read/cv31420875
31418076,我很好相处的，处不好你自己找找原因,1910,8,73,0,20,0,3,0,https://www.bilibili.com/read/cv31418076
31374729,东方Project945弹,1522,8,77,0,5,0,3,0,https://www.bilibili.com/read/cv31374729
31364120,“柯”研有道，“医”路生花（七）：骨髓、造血、白血病,13347,8,108,0,1,1,2,0,https://www.bilibili.com/read/cv31364120
31341483,【葬送的芙莉莲】美图系列（5）,2623,8,55,0,0,1,4,0,https://www.bilibili.com/read/cv31341483
31318054,今日份好图,1332,8,37,0,4,1,0,0,https://www.bilibili.com/read/cv31318054
31314021,《高达0083》第11卷下,1277,8,16,0,0,0,0,0,https://www.bilibili.com/read/cv31314021
31313459,《高达0083》第10卷上,1335,8,11,0,0,0,0,0,https://www.bilibili.com/read/cv31313459
31310125,MILGRAM官方小漫画《minigram》汉化合集（第五期）（个人汉化）,369,8,17,0,2,0,0,0,https://www.bilibili.com/read/cv31310125
31309408,Overlord 美图分享《绝死绝命》18.0版,3447,8,54,1,7,1,4,0,https://www.bilibili.com/read/cv31309408
31307706,水星的魔女同人汉化 新年开始,872,8,30,0,2,0,3,0,https://www.bilibili.com/read/cv31307706
31294916,恋爱的祝福～（864）,1128,8,27,0,1,0,0,0,https://www.bilibili.com/read/cv31294916
31269801,今日份好图,1541,8,47,0,2,0,2,0,https://www.bilibili.com/read/cv31269801
31267330,《高达0083》第8卷下,973,8,9,0,0,0,0,0,https://www.bilibili.com/read/cv31267330
31246339,是纳西妲哟～(217),3397,8,62,0,1,0,0,0,https://www.bilibili.com/read/cv31246339
31243756,群友们的各种表情包【1078】,6768,8,136,0,1,0,0,0,https://www.bilibili.com/read/cv31243756
31209879,东方Project图集944弹,1383,8,69,0,2,0,3,0,https://www.bilibili.com/read/cv31209879
31184435,由自己创造的容身之所 - 星灵感应完结剧情简析（9-11集）,6004,8,134,0,2,0,5,0,https://www.bilibili.com/read/cv31184435
31178555,为了范左使这妙音门必拿下！,827,8,14,0,1,2,0,0,https://www.bilibili.com/read/cv31178555
31146114,收藏滴东方Project942弹,1303,8,62,0,1,0,3,0,https://www.bilibili.com/read/cv31146114
31144168,水星的魔女同人汉化 狂摸新娘的斯莱塔,1060,8,38,0,3,0,2,0,https://www.bilibili.com/read/cv31144168
31109541,你在偷看我的腋下？第四弹,2989,8,72,0,5,0,0,0,https://www.bilibili.com/read/cv31109541
30949967,赛马娘图片第三十九弹,2958,8,53,0,0,0,0,0,https://www.bilibili.com/read/cv30949967
31737638,这篇我说一下喜灰圈的事情吧,1610,7,33,0,15,1,2,0,https://www.bilibili.com/read/cv31737638
32447155,LoveLive外网沙雕图（203),944,4,31,0,0,0,0,0,https://www.bilibili.com/read/cv32447155
32081158,【高清原画】二次元美少女(第050期)【转载搬运】,515,4,17,0,0,0,0,0,https://www.bilibili.com/read/cv32081158
32439639,【DD日报】『3.2』花园Serena五周年3DLive；小桃六周年新衣回；向日葵なっつ3周年纪念,4449,3,55,0,2,0,0,0,https://www.bilibili.com/read/cv32439639
32377485,三百一十四期尾图•᷄ࡇ•᷅,501,3,17,0,1,0,0,0,https://www.bilibili.com/read/cv32377485
31894709,二次元头像壁纸20240209-0223丨pixiv每日插画精选,1642,3,35,0,2,0,0,0,https://www.bilibili.com/read/cv31894709
32394902,我推的孩子第65话 (免会员）,42,1,3,0,0,0,0,0,https://www.bilibili.com/read/cv32394902
31743645,【AI绘画】铠甲壁纸、头像分享 第6期,94,1,2,0,0,0,0,0,https://www.bilibili.com/read/cv31743645
31486274,我也短暂地穿越回孩童时代了,60,1,0,0,0,0,0,0,https://www.bilibili.com/read/cv31486274
32453514,『葬送のフリーレン』OPテーマ「勇者」MV千万再生贺图,0,0,0,0,0,0,0,0,https://www.bilibili.com/read/cv32453514
32453076,【童贞勇者】第4.1话,0,0,0,0,0,0,0,0,https://www.bilibili.com/read/cv32453076
32452869,难以言喻的《伍六七之暗影宿命》,8,0,1,0,1,0,0,0,https://www.bilibili.com/read/cv32452869
32452852,关于屏晶喜欢的动漫,9,0,1,0,0,0,0,0,https://www.bilibili.com/read/cv32452852
32452844,【「你想一起睡对吧、前辈」听到甜蜜轻语的我今晚也睡不着】第7话,5,0,0,0,1,0,0,0,https://www.bilibili.com/read/cv32452844
32452817,剪辑刚需爆款调色预设来袭！一键转换白天黑夜！,5,0,0,0,0,0,0,0,https://www.bilibili.com/read/cv32452817
32452695,剪辑刚需爆款调色预设来袭！一键转换白天黑夜！,0,0,0,0,0,0,0,0,https://www.bilibili.com/read/cv32452695
32452584,剪辑刚需爆款调色预设来袭！一键转换白天黑夜！,0,0,0,0,0,0,0,0,https://www.bilibili.com/read/cv32452584
32452498,剪辑刚需爆款调色预设来袭！一键转换白天黑夜！,0,0,0,0,0,0,0,0,https://www.bilibili.com/read/cv32452498
32452438,NEELDESS,1,0,0,0,0,0,0,0,https://www.bilibili.com/read/cv32452438
32451626,【Vagabond_Salon】个人势挂靠招募报名,86,0,8,0,0,0,0,0,https://www.bilibili.com/read/cv32451626
32397166,我推的孩子第59话 (免会员）,78,0,1,0,0,0,0,0,https://www.bilibili.com/read/cv32397166
